-- MySQL dump 10.13  Distrib 8.0.38, for Win64 (x86_64)
--
-- Host: 127.0.0.1    Database: flutter
-- ------------------------------------------------------
-- Server version	8.0.39

/*!40101 SET @OLD_CHARACTER_SET_CLIENT=@@CHARACTER_SET_CLIENT */;
/*!40101 SET @OLD_CHARACTER_SET_RESULTS=@@CHARACTER_SET_RESULTS */;
/*!40101 SET @OLD_COLLATION_CONNECTION=@@COLLATION_CONNECTION */;
/*!50503 SET NAMES utf8 */;
/*!40103 SET @OLD_TIME_ZONE=@@TIME_ZONE */;
/*!40103 SET TIME_ZONE='+00:00' */;
/*!40014 SET @OLD_UNIQUE_CHECKS=@@UNIQUE_CHECKS, UNIQUE_CHECKS=0 */;
/*!40014 SET @OLD_FOREIGN_KEY_CHECKS=@@FOREIGN_KEY_CHECKS, FOREIGN_KEY_CHECKS=0 */;
/*!40101 SET @OLD_SQL_MODE=@@SQL_MODE, SQL_MODE='NO_AUTO_VALUE_ON_ZERO' */;
/*!40111 SET @OLD_SQL_NOTES=@@SQL_NOTES, SQL_NOTES=0 */;

--
-- Table structure for table `advancesalaries`
--

DROP TABLE IF EXISTS `advancesalaries`;
/*!40101 SET @saved_cs_client     = @@character_set_client */;
/*!50503 SET character_set_client = utf8mb4 */;
CREATE TABLE `advancesalaries` (
  `id` bigint NOT NULL AUTO_INCREMENT,
  `advance_amount` double NOT NULL,
  `advance_date` datetime(6) DEFAULT NULL,
  `is_paid` bit(1) NOT NULL,
  `paid_date` datetime(6) DEFAULT NULL,
  `reason` varchar(255) DEFAULT NULL,
  `status` enum('APPROVED','PENDING','REJECTED') DEFAULT NULL,
  `user_id` bigint DEFAULT NULL,
  PRIMARY KEY (`id`),
  KEY `FK406b69k38mx9uqob0iqh0dgo9` (`user_id`),
  CONSTRAINT `FK406b69k38mx9uqob0iqh0dgo9` FOREIGN KEY (`user_id`) REFERENCES `users` (`id`)
) ENGINE=InnoDB AUTO_INCREMENT=27 DEFAULT CHARSET=utf8mb4 COLLATE=utf8mb4_0900_ai_ci;
/*!40101 SET character_set_client = @saved_cs_client */;

--
-- Dumping data for table `advancesalaries`
--

LOCK TABLES `advancesalaries` WRITE;
/*!40000 ALTER TABLE `advancesalaries` DISABLE KEYS */;
INSERT INTO `advancesalaries` VALUES (1,10000,'2024-11-21 18:15:58.000000',_binary '','2024-11-25 11:51:01.469569','Test','APPROVED',3),(2,10000,'2024-11-21 18:15:58.000000',_binary '','2024-11-25 11:49:41.385452','Test','APPROVED',5),(3,10000,'2024-11-21 18:15:58.000000',_binary '','2024-11-25 11:49:42.519735','Test','APPROVED',3),(4,10000,'2024-11-21 18:15:58.000000',_binary '','2024-11-25 11:49:43.359467','Test','APPROVED',6),(5,10000,'2024-11-21 18:15:58.000000',_binary '\0',NULL,'Test','REJECTED',7),(6,10000,'2024-11-21 18:15:58.000000',_binary '','2024-11-25 11:49:44.813609','Test','APPROVED',6),(7,10000,'2024-11-21 18:15:58.000000',_binary '','2024-11-25 11:49:45.392733','Test','APPROVED',7),(8,10000,'2024-11-21 18:15:58.000000',_binary '','2024-11-25 11:49:45.891678','Test','APPROVED',6),(13,33333,'2024-11-21 18:15:58.000000',_binary '','2024-11-25 11:49:46.348540','Test','APPROVED',8),(16,1000,'2024-11-25 11:40:36.387785',_binary '','2024-11-25 11:48:30.678088','lasjfdlkasf','APPROVED',3),(17,5000,'2024-11-25 11:57:49.836014',_binary '\0',NULL,'adfasdfasf','REJECTED',3),(18,5000,'2024-11-26 12:23:00.482487',_binary '','2024-11-26 12:36:34.445466','lklklp','APPROVED',3),(19,6000,'2024-11-27 00:32:51.475904',_binary '','2024-11-27 08:08:51.824618','afdsafasdf','APPROVED',3),(20,5000,'2024-11-30 14:03:42.321998',_binary '','2024-11-30 14:35:01.351548','adfsadsf','APPROVED',8),(21,5000,'2024-11-30 14:20:10.403474',_binary '','2024-11-30 14:35:03.192801','asfasdf vfdsaf','APPROVED',7),(22,4000,'2024-11-30 15:48:15.454461',_binary '','2024-11-30 15:52:31.278492','asdfasdf','APPROVED',9),(23,5000,'2024-11-30 23:02:07.902142',_binary '','2024-11-30 23:03:42.930622','sadfasdf','APPROVED',10),(24,5000,'2024-11-30 23:26:31.700312',_binary '','2024-11-30 23:27:17.194660','XFGDCAZFGA','APPROVED',3),(25,40000,'2024-12-01 11:39:33.395184',_binary '','2024-12-01 15:00:44.470894','Loan ','APPROVED',14),(26,56789,'2024-12-01 14:59:41.500667',_binary '','2024-12-01 15:00:47.767516','sdohfoiSJFI','APPROVED',3);
/*!40000 ALTER TABLE `advancesalaries` ENABLE KEYS */;
UNLOCK TABLES;

--
-- Table structure for table `attendances`
--

DROP TABLE IF EXISTS `attendances`;
/*!40101 SET @saved_cs_client     = @@character_set_client */;
/*!50503 SET character_set_client = utf8mb4 */;
CREATE TABLE `attendances` (
  `id` bigint NOT NULL AUTO_INCREMENT,
  `clock_in_time` datetime(6) DEFAULT NULL,
  `clock_out_time` datetime(6) DEFAULT NULL,
  `date` date DEFAULT NULL,
  `late_check_in` bit(1) NOT NULL,
  `salary_id` bigint DEFAULT NULL,
  `user_id` bigint DEFAULT NULL,
  PRIMARY KEY (`id`),
  KEY `FK7f87sy697hma8gq2f0qo3clw4` (`salary_id`),
  KEY `FK8o39cn3ghqwhccyrrqdesttr8` (`user_id`),
  CONSTRAINT `FK7f87sy697hma8gq2f0qo3clw4` FOREIGN KEY (`salary_id`) REFERENCES `salaries` (`id`),
  CONSTRAINT `FK8o39cn3ghqwhccyrrqdesttr8` FOREIGN KEY (`user_id`) REFERENCES `users` (`id`)
) ENGINE=InnoDB AUTO_INCREMENT=39 DEFAULT CHARSET=utf8mb4 COLLATE=utf8mb4_0900_ai_ci;
/*!40101 SET character_set_client = @saved_cs_client */;

--
-- Dumping data for table `attendances`
--

LOCK TABLES `attendances` WRITE;
/*!40000 ALTER TABLE `attendances` DISABLE KEYS */;
INSERT INTO `attendances` VALUES (1,'2024-11-21 14:16:38.000000','2024-11-21 18:16:40.000000','2024-11-21',_binary '\0',NULL,3),(11,'2024-11-21 12:36:40.000000','2024-11-21 18:36:44.000000','2024-11-21',_binary '\0',NULL,5),(13,'2024-11-21 12:36:40.000000','2024-11-21 18:36:44.000000','2024-11-21',_binary '\0',NULL,7),(14,'2024-11-21 12:36:40.000000','2024-11-21 18:36:44.000000','2024-11-21',_binary '\0',NULL,8),(15,'2024-11-21 12:36:40.000000','2024-11-21 18:36:44.000000','2024-11-21',_binary '\0',NULL,8),(21,'2024-11-21 19:05:24.005079','2024-11-21 19:05:56.790470','2024-11-21',_binary '',NULL,6),(22,'2024-11-23 11:02:51.875919','2024-11-23 11:03:52.486442','2024-11-23',_binary '',NULL,3),(23,'2024-11-24 10:30:49.706728','2024-11-24 10:31:38.066048','2024-11-24',_binary '',NULL,3),(24,'2024-11-25 11:34:11.558595','2024-11-25 11:40:04.048857','2024-11-25',_binary '',NULL,3),(25,'2024-11-26 12:22:31.036286','2024-11-26 12:22:32.831759','2024-11-26',_binary '',NULL,3),(26,'2024-11-26 13:09:18.686602','2024-11-26 13:09:21.548364','2024-11-26',_binary '',NULL,8),(27,'2024-11-27 01:28:19.012801','2024-11-27 01:28:20.292643','2024-11-27',_binary '\0',NULL,8),(28,'2024-11-27 08:38:10.960242',NULL,'2024-11-27',_binary '\0',NULL,3),(29,'2024-11-30 13:40:05.241484','2024-11-30 13:40:17.128223','2024-11-30',_binary '',NULL,3),(30,'2024-11-30 13:42:24.743898','2024-11-30 13:45:56.634070','2024-11-30',_binary '',NULL,6),(31,'2024-11-30 14:03:29.859469',NULL,'2024-11-30',_binary '',NULL,8),(32,'2024-11-30 14:32:16.200872',NULL,'2024-11-30',_binary '',NULL,9),(33,'2024-11-30 23:01:24.789982',NULL,'2024-11-30',_binary '',NULL,10),(34,'2024-11-30 23:29:02.968793','2024-11-30 23:29:03.946163','2024-11-30',_binary '',NULL,1),(35,'2024-12-01 11:32:56.038169','2024-12-01 11:33:07.762027','2024-12-01',_binary '',NULL,16),(36,'2024-12-01 11:35:00.537160','2024-12-01 11:35:14.668912','2024-12-01',_binary '',NULL,15),(37,'2024-12-01 11:35:47.039526','2024-12-01 11:39:59.302196','2024-12-01',_binary '',NULL,14),(38,'2024-12-01 14:58:40.307191','2024-12-01 14:58:50.714197','2024-12-01',_binary '',NULL,3);
/*!40000 ALTER TABLE `attendances` ENABLE KEYS */;
UNLOCK TABLES;

--
-- Table structure for table `bonuses`
--

DROP TABLE IF EXISTS `bonuses`;
/*!40101 SET @saved_cs_client     = @@character_set_client */;
/*!50503 SET character_set_client = utf8mb4 */;
CREATE TABLE `bonuses` (
  `id` bigint NOT NULL AUTO_INCREMENT,
  `bonus_amount` double NOT NULL,
  `bonus_date` datetime(6) DEFAULT NULL,
  `bonus_type` varchar(255) DEFAULT NULL,
  `salary_id` bigint DEFAULT NULL,
  `user_id` bigint DEFAULT NULL,
  PRIMARY KEY (`id`),
  KEY `FKpnb8fhgpp16jk62ud7tpq4w53` (`salary_id`),
  KEY `FKbyghp6xxmqc4lnkoup4fsqhie` (`user_id`),
  CONSTRAINT `FKbyghp6xxmqc4lnkoup4fsqhie` FOREIGN KEY (`user_id`) REFERENCES `users` (`id`),
  CONSTRAINT `FKpnb8fhgpp16jk62ud7tpq4w53` FOREIGN KEY (`salary_id`) REFERENCES `salaries` (`id`)
) ENGINE=InnoDB AUTO_INCREMENT=13 DEFAULT CHARSET=utf8mb4 COLLATE=utf8mb4_0900_ai_ci;
/*!40101 SET character_set_client = @saved_cs_client */;

--
-- Dumping data for table `bonuses`
--

LOCK TABLES `bonuses` WRITE;
/*!40000 ALTER TABLE `bonuses` DISABLE KEYS */;
INSERT INTO `bonuses` VALUES (1,5000,'2024-11-21 18:17:31.000000','ANNUAL',NULL,6),(2,5000,'2024-11-21 18:17:31.000000','ANNUAL',NULL,5),(3,5000,'2024-11-21 18:17:31.000000','ANNUAL',NULL,7),(4,5000,'2024-11-21 18:17:31.000000','ANNUAL',NULL,8),(5,5000,'2024-11-21 18:17:31.000000','ANNUAL',NULL,5),(6,5000,'2024-11-21 18:17:31.000000','ANNUAL',NULL,6),(7,5000,'2024-11-21 18:17:31.000000','ANNUAL',NULL,3),(8,5000,'2024-11-21 18:17:31.000000','ANNUAL',NULL,7),(9,7070,'2024-11-22 11:30:59.652214','ANNUAL',NULL,8),(10,7070,'2024-11-22 11:31:31.086156','ANNUAL',NULL,8),(11,7000,'2024-11-22 20:09:02.000000','Performance',NULL,7);
/*!40000 ALTER TABLE `bonuses` ENABLE KEYS */;
UNLOCK TABLES;

--
-- Table structure for table `leaves`
--

DROP TABLE IF EXISTS `leaves`;
/*!40101 SET @saved_cs_client     = @@character_set_client */;
/*!50503 SET character_set_client = utf8mb4 */;
CREATE TABLE `leaves` (
  `id` bigint NOT NULL AUTO_INCREMENT,
  `end_date` date DEFAULT NULL,
  `leave_type` enum('RESERVE','SICK','UNPAID') DEFAULT NULL,
  `reason` varchar(255) NOT NULL,
  `request_date` datetime(6) DEFAULT NULL,
  `request_status` enum('APPROVED','PENDING','REJECTED') DEFAULT NULL,
  `start_date` date DEFAULT NULL,
  `salary_id` bigint DEFAULT NULL,
  `user_id` bigint NOT NULL,
  PRIMARY KEY (`id`),
  KEY `FKq5mpe92s1cuo1ybftfy6hdgxu` (`salary_id`),
  KEY `FKa3vfaevh5a44ccfq2wodxoxig` (`user_id`),
  CONSTRAINT `FKa3vfaevh5a44ccfq2wodxoxig` FOREIGN KEY (`user_id`) REFERENCES `users` (`id`),
  CONSTRAINT `FKq5mpe92s1cuo1ybftfy6hdgxu` FOREIGN KEY (`salary_id`) REFERENCES `salaries` (`id`)
) ENGINE=InnoDB AUTO_INCREMENT=30 DEFAULT CHARSET=utf8mb4 COLLATE=utf8mb4_0900_ai_ci;
/*!40101 SET character_set_client = @saved_cs_client */;

--
-- Dumping data for table `leaves`
--

LOCK TABLES `leaves` WRITE;
/*!40000 ALTER TABLE `leaves` DISABLE KEYS */;
INSERT INTO `leaves` VALUES (1,'2024-11-23','SICK','SICK','2024-11-21 18:18:31.000000','APPROVED','2024-11-22',NULL,3),(2,'2024-11-23','SICK','SICK','2024-11-21 18:18:31.000000','APPROVED','2024-11-22',NULL,5),(3,'2024-11-23','SICK','SICK','2024-11-21 18:18:31.000000','APPROVED','2024-11-22',NULL,6),(4,'2024-11-23','SICK','SICK','2024-11-21 18:18:31.000000','APPROVED','2024-11-22',NULL,5),(5,'2024-11-23','SICK','SICK','2024-11-21 18:18:31.000000','REJECTED','2024-11-22',NULL,6),(6,'2024-11-23','SICK','SICK','2024-11-21 18:18:31.000000','APPROVED','2024-11-22',NULL,7),(8,'2024-11-23','SICK','SICK','2024-11-21 18:18:31.000000','APPROVED','2024-11-22',NULL,8),(11,'2024-11-23','SICK','SICK','2024-11-22 15:40:36.404817','APPROVED','2024-11-22',NULL,7),(12,'2024-11-28','SICK','asfdjlka','2024-11-24 10:33:28.400781','APPROVED','2024-11-25',NULL,3),(13,'2024-11-30','SICK','sdfasdf','2024-11-25 11:56:55.810921','REJECTED','2024-11-28',NULL,3),(14,'2024-11-30','SICK','2121','2024-11-26 12:22:50.769334','APPROVED','2024-11-27',NULL,3),(15,'2024-11-30','SICK','sadf','2024-11-27 00:32:14.629166','APPROVED','2024-11-27',NULL,3),(16,'2024-11-29','SICK','sadf','2024-11-27 00:32:41.886900','APPROVED','2024-11-28',NULL,3),(17,'2024-11-30','SICK','fdgsg','2024-11-27 08:01:32.801583','APPROVED','2024-11-28',NULL,3),(18,'2024-11-29','RESERVE','safsdf','2024-11-27 08:07:31.943739','APPROVED','2024-11-28',NULL,3),(19,'2024-12-03','SICK','asdf','2024-11-30 13:41:12.128034','APPROVED','2024-12-01',NULL,3),(20,'2024-12-02','SICK','gfhsgh','2024-11-30 13:46:32.685810','APPROVED','2024-12-01',NULL,6),(21,'2024-12-11','SICK','fasxg','2024-11-30 14:03:22.594898','APPROVED','2024-12-01',NULL,8),(22,'2024-12-06','RESERVE','asdf','2024-11-30 14:19:55.384471','APPROVED','2024-12-02',NULL,7),(23,'2024-12-13','UNPAID','safsa','2024-11-30 14:32:38.746954','APPROVED','2024-12-03',NULL,9),(24,'2024-12-05','RESERVE','asdfasdf','2024-11-30 15:48:36.711318','APPROVED','2024-12-01',NULL,9),(25,'2024-12-11','UNPAID','asfdsadf','2024-11-30 23:01:51.251534','APPROVED','2024-12-03',NULL,10),(26,'2024-12-12','RESERVE','fdADF','2024-11-30 23:26:21.487218','APPROVED','2024-12-09',NULL,3),(27,'2024-12-04','SICK','Fever','2024-12-01 11:39:52.648135','APPROVED','2024-12-02',NULL,14),(28,'2024-12-06','RESERVE','hfkjsdfkl','2024-12-01 14:59:17.449730','APPROVED','2024-12-03',NULL,3),(29,'2024-12-07','SICK','djgoiasdj','2024-12-01 14:59:31.833941','REJECTED','2024-12-04',NULL,3);
/*!40000 ALTER TABLE `leaves` ENABLE KEYS */;
UNLOCK TABLES;

--
-- Table structure for table `password_reset_token`
--

DROP TABLE IF EXISTS `password_reset_token`;
/*!40101 SET @saved_cs_client     = @@character_set_client */;
/*!50503 SET character_set_client = utf8mb4 */;
CREATE TABLE `password_reset_token` (
  `id` bigint NOT NULL AUTO_INCREMENT,
  `expiry_date` datetime(6) DEFAULT NULL,
  `token` varchar(255) DEFAULT NULL,
  `user_id` bigint DEFAULT NULL,
  PRIMARY KEY (`id`),
  UNIQUE KEY `UKf90ivichjaokvmovxpnlm5nin` (`user_id`),
  CONSTRAINT `FK83nsrttkwkb6ym0anu051mtxn` FOREIGN KEY (`user_id`) REFERENCES `users` (`id`)
) ENGINE=InnoDB DEFAULT CHARSET=utf8mb4 COLLATE=utf8mb4_0900_ai_ci;
/*!40101 SET character_set_client = @saved_cs_client */;

--
-- Dumping data for table `password_reset_token`
--

LOCK TABLES `password_reset_token` WRITE;
/*!40000 ALTER TABLE `password_reset_token` DISABLE KEYS */;
/*!40000 ALTER TABLE `password_reset_token` ENABLE KEYS */;
UNLOCK TABLES;

--
-- Table structure for table `salaries`
--

DROP TABLE IF EXISTS `salaries`;
/*!40101 SET @saved_cs_client     = @@character_set_client */;
/*!50503 SET character_set_client = utf8mb4 */;
CREATE TABLE `salaries` (
  `id` bigint NOT NULL AUTO_INCREMENT,
  `net_salary` double NOT NULL,
  `payment_date` datetime(6) DEFAULT NULL,
  `provident_fund` double NOT NULL,
  `salary_status` tinyint DEFAULT NULL,
  `tax` double NOT NULL,
  `advance_salary_id` bigint DEFAULT NULL,
  `user_id` bigint NOT NULL,
  PRIMARY KEY (`id`),
  UNIQUE KEY `UKkd1rd8bfxddt73oyuk0x5y5tr` (`advance_salary_id`),
  KEY `FKos57j8u42tdn3d132be45fsh9` (`user_id`),
  CONSTRAINT `FK3500lw10qxryuigl4yu3ymc7t` FOREIGN KEY (`advance_salary_id`) REFERENCES `advancesalaries` (`id`),
  CONSTRAINT `FKos57j8u42tdn3d132be45fsh9` FOREIGN KEY (`user_id`) REFERENCES `users` (`id`),
  CONSTRAINT `salaries_chk_1` CHECK ((`salary_status` between 0 and 2))
) ENGINE=InnoDB AUTO_INCREMENT=21 DEFAULT CHARSET=utf8mb4 COLLATE=utf8mb4_0900_ai_ci;
/*!40101 SET character_set_client = @saved_cs_client */;

--
-- Dumping data for table `salaries`
--

LOCK TABLES `salaries` WRITE;
/*!40000 ALTER TABLE `salaries` DISABLE KEYS */;
INSERT INTO `salaries` VALUES (1,50000,'2024-11-21 18:19:14.000000',5000,1,5000,1,3),(3,50000,'2024-11-21 18:19:14.000000',5000,1,5000,2,5),(4,50000,'2024-11-21 18:19:14.000000',5000,0,5000,3,6),(5,50000,'2024-11-21 18:19:14.000000',5000,1,5000,4,7),(6,50000,'2024-11-21 18:19:14.000000',5000,0,5000,5,8),(8,40000,'2024-11-30 14:09:12.827992',5000,1,5000,NULL,1),(9,40000,'2024-11-30 14:09:23.591326',5000,1,5000,NULL,2),(12,40000,'2024-11-30 15:42:36.926776',5000,1,5000,NULL,1),(14,40000,'2024-11-30 23:30:05.299373',5000,1,5000,NULL,1),(16,40000,'2024-12-01 01:54:11.296161',5000,1,5000,NULL,1),(18,40000,'2024-12-01 02:29:52.280020',5000,1,5000,NULL,1),(19,40000,'2024-12-01 02:33:06.902199',5000,1,5000,NULL,2),(20,40000,'2024-12-01 02:35:07.272250',5000,1,5000,NULL,2);
/*!40000 ALTER TABLE `salaries` ENABLE KEYS */;
UNLOCK TABLES;

--
-- Table structure for table `token`
--

DROP TABLE IF EXISTS `token`;
/*!40101 SET @saved_cs_client     = @@character_set_client */;
/*!50503 SET character_set_client = utf8mb4 */;
CREATE TABLE `token` (
  `id` int NOT NULL AUTO_INCREMENT,
  `is_logged_out` bit(1) DEFAULT NULL,
  `token` varchar(255) DEFAULT NULL,
  `user_id` bigint DEFAULT NULL,
  PRIMARY KEY (`id`),
  KEY `FKj8rfw4x0wjjyibfqq566j4qng` (`user_id`),
  CONSTRAINT `FKj8rfw4x0wjjyibfqq566j4qng` FOREIGN KEY (`user_id`) REFERENCES `users` (`id`)
) ENGINE=InnoDB AUTO_INCREMENT=157 DEFAULT CHARSET=utf8mb4 COLLATE=utf8mb4_0900_ai_ci;
/*!40101 SET character_set_client = @saved_cs_client */;

--
-- Dumping data for table `token`
--

LOCK TABLES `token` WRITE;
/*!40000 ALTER TABLE `token` DISABLE KEYS */;
INSERT INTO `token` VALUES (1,_binary '','eyJhbGciOiJIUzM4NCJ9.eyJzdWIiOiJlMkBtYWlsLmNvbSIsInJvbGUiOiJFTVBMT1lFRSIsImlhdCI6MTczMjE5MjM2NCwiZXhwIjoxNzMyMjc4NzY0fQ.aHGKtdDT4NXPz1uWv_exHxi0IqgB6vVZeVV1Nq3SNZ9bLGMBnH8QuTRSW9ShCE1E',6),(2,_binary '','eyJhbGciOiJIUzM4NCJ9.eyJzdWIiOiJlNEBtYWlsLmNvbSIsInJvbGUiOiJFTVBMT1lFRSIsImlhdCI6MTczMjIwNjA0MCwiZXhwIjoxNzMyMjkyNDQwfQ.-cbnrB0xSjfDBV6-XjN9DoJKaOZk1IljoksG9jl6M2OUji2NURlozwO1Zdwo8iR0',8),(3,_binary '','eyJhbGciOiJIUzM4NCJ9.eyJzdWIiOiJlQG1haWwuY29tIiwicm9sZSI6IkVNUExPWUVFIiwiaWF0IjoxNzMyMjUzMzAzLCJleHAiOjE3MzIzMzk3MDN9.mXKGJ3qX6x0o-12gdtrby95ZQ9aM-Pz4Me0f3HjFjJEARh4t7EmdIqtANSN68iV6',3),(4,_binary '','eyJhbGciOiJIUzM4NCJ9.eyJzdWIiOiJlM0BtYWlsLmNvbSIsInJvbGUiOiJFTVBMT1lFRSIsImlhdCI6MTczMjI1NDI0MSwiZXhwIjoxNzMyMzQwNjQxfQ.MnFbupzp4mZnwAr4PEekEhZAq6Pvrj-DkaNOGyNYwXxMyR0me31Jdol_pVjqsQzc',7),(5,_binary '','eyJhbGciOiJIUzM4NCJ9.eyJzdWIiOiJlQG1haWwuY29tIiwicm9sZSI6IkVNUExPWUVFIiwiaWF0IjoxNzMyMzM4MDc0LCJleHAiOjE3MzI0MjQ0NzR9.0CcbttZTt7FHYGZ4sXI9vG6VqGsAWbcqXLw17PNITgBP-W0rxed2TzHJTssK4x-z',3),(6,_binary '','eyJhbGciOiJIUzM4NCJ9.eyJzdWIiOiJtQG1haWwuY29tIiwicm9sZSI6Ik1BTkFHRVIiLCJpYXQiOjE3MzIzNDEwMzcsImV4cCI6MTczMjQyNzQzN30.Agyy_ghqm9VficOjBQRy58PdjFvRy8wE-hA_mz-BENqwQVDXhR3xFUPLMHUUEoRG',2),(7,_binary '','eyJhbGciOiJIUzM4NCJ9.eyJzdWIiOiJlQG1haWwuY29tIiwicm9sZSI6IkVNUExPWUVFIiwiaWF0IjoxNzMyMzQxMTQwLCJleHAiOjE3MzI0Mjc1NDB9.hr9dt9s3FrzLyCBpY2aT8tWs_KSxDt34yQstHTxqqsH9MnxZEZ6U8lfIHcqemLuc',3),(8,_binary '','eyJhbGciOiJIUzM4NCJ9.eyJzdWIiOiJlQG1haWwuY29tIiwicm9sZSI6IkVNUExPWUVFIiwiaWF0IjoxNzMyMzQzMjg3LCJleHAiOjE3MzI0Mjk2ODd9.LC9ALpJ0ORFIwfK9HfyirXYhewSRKiLb7uo9m1Hgz4_J95MeQON4UYglpjBPx-VD',3),(9,_binary '','eyJhbGciOiJIUzM4NCJ9.eyJzdWIiOiJlbXBAbWFpbC5jb20iLCJyb2xlIjoiRU1QTE9ZRUUiLCJpYXQiOjE3MzI0MTYwNTEsImV4cCI6MTczMjUwMjQ1MX0.5ESZJ4KyfzU1kWA9z79dL6te3QaQlHwJ0-jPEcqu5wvEmuD01d_1XgHuujRFwIlM',3),(10,_binary '','eyJhbGciOiJIUzM4NCJ9.eyJzdWIiOiJlbXBAbWFpbC5jb20iLCJyb2xlIjoiRU1QTE9ZRUUiLCJpYXQiOjE3MzI0MTYwNzAsImV4cCI6MTczMjUwMjQ3MH0.Xznc76WALDAvotCl5tCm4woUlRtn2ic5hcvJRV8rtuRXPTwmBWd_E4CmTfPfpAvI',3),(11,_binary '','eyJhbGciOiJIUzM4NCJ9.eyJzdWIiOiJlbXBAbWFpbC5jb20iLCJyb2xlIjoiRU1QTE9ZRUUiLCJpYXQiOjE3MzI0MjIyODIsImV4cCI6MTczMjUwODY4Mn0.LJb24cJqaLT5hOj4DTAnmUUHaP38xVFlrbMorAVY4mHgkcIiuXlnXlcaaQ0hrSK7',3),(12,_binary '','eyJhbGciOiJIUzM4NCJ9.eyJzdWIiOiJlbXBAbWFpbC5jb20iLCJyb2xlIjoiRU1QTE9ZRUUiLCJpYXQiOjE3MzI0MjI2NDUsImV4cCI6MTczMjUwOTA0NX0.GwCNAoWB0WQ93VyOU0IpYLVhW1wETP2B30Vky_JEQC_J4BtrHMdtWQlZrfuYk9oi',3),(13,_binary '','eyJhbGciOiJIUzM4NCJ9.eyJzdWIiOiJlbXBAbWFpbC5jb20iLCJyb2xlIjoiRU1QTE9ZRUUiLCJpYXQiOjE3MzI0MjQxNjgsImV4cCI6MTczMjUxMDU2OH0.SacQ9KpPhmSXCBUWAz60V0dayWCGZ7nDbn59JIUIwVO3TXKSbJg7KLKPmEJoDWvb',3),(14,_binary '','eyJhbGciOiJIUzM4NCJ9.eyJzdWIiOiJlbXBAbWFpbC5jb20iLCJyb2xlIjoiRU1QTE9ZRUUiLCJpYXQiOjE3MzI0MjUzNTMsImV4cCI6MTczMjUxMTc1M30.CkBtjPHJZzWQiFe2qtrorKplRwYSHkAnlOfEpRNy1xqtfDXoUFDEKQeaJF2LHEUR',3),(15,_binary '','eyJhbGciOiJIUzM4NCJ9.eyJzdWIiOiJlbXBAbWFpbC5jb20iLCJyb2xlIjoiRU1QTE9ZRUUiLCJpYXQiOjE3MzI0MjU1NzAsImV4cCI6MTczMjUxMTk3MH0.wauOagu-2ORBWOM_lMIy_hMrk6LzhXi9Dr6-OmlZ3R3rPp7-wrtykERjzDqJ_DT3',3),(16,_binary '','eyJhbGciOiJIUzM4NCJ9.eyJzdWIiOiJlbXBAbWFpbC5jb20iLCJyb2xlIjoiRU1QTE9ZRUUiLCJpYXQiOjE3MzI0MjU2MTQsImV4cCI6MTczMjUxMjAxNH0.Dh7UiSNbjchaYgBTpnRYga_ScjsI5GJvHpr3tU2Sg4OnQ7Ho22FWZ0SSlnJ_jpNk',3),(17,_binary '','eyJhbGciOiJIUzM4NCJ9.eyJzdWIiOiJlbXBAbWFpbC5jb20iLCJyb2xlIjoiRU1QTE9ZRUUiLCJpYXQiOjE3MzI0MjU5OTQsImV4cCI6MTczMjUxMjM5NH0.XggkqLoRExp73z0tfvbjtGbV6saArEAPiGtODlKkbDJspdtfkuAq_5mDqgYM0yQ-',3),(18,_binary '','eyJhbGciOiJIUzM4NCJ9.eyJzdWIiOiJlbXBAbWFpbC5jb20iLCJyb2xlIjoiRU1QTE9ZRUUiLCJpYXQiOjE3MzI0MjYyODAsImV4cCI6MTczMjUxMjY4MH0.B3b4YXpwL-CETrYrCEU8cS8Pj57EBdhlELF7hTc-mRwZFmvNnVxdPj_81WSTqk27',3),(19,_binary '','eyJhbGciOiJIUzM4NCJ9.eyJzdWIiOiJlbXBAbWFpbC5jb20iLCJyb2xlIjoiRU1QTE9ZRUUiLCJpYXQiOjE3MzI0MjY0OTYsImV4cCI6MTczMjUxMjg5Nn0.-Cto_zcoJUym473KzIm1_UVNQ03U8R1P0cpPn3tl-T02kD4vpcPj5CHYY-AUKgTB',3),(20,_binary '','eyJhbGciOiJIUzM4NCJ9.eyJzdWIiOiJlbXBAbWFpbC5jb20iLCJyb2xlIjoiRU1QTE9ZRUUiLCJpYXQiOjE3MzI0MjY1NTMsImV4cCI6MTczMjUxMjk1M30.OqUBiBxkjqhIWIt--OxW4f1jvX6pweX8UqYZwZzoZqe3y68GsYWVKqTbKd7GQoB3',3),(21,_binary '','eyJhbGciOiJIUzM4NCJ9.eyJzdWIiOiJlbXBAbWFpbC5jb20iLCJyb2xlIjoiRU1QTE9ZRUUiLCJpYXQiOjE3MzI0MjY1ODMsImV4cCI6MTczMjUxMjk4M30.-07dsp-qeCKfdFRJ6ssKB0nmsIVahq4HutvvmGrYUVSn8jXlszuo_ZbNb7HD9Lxx',3),(22,_binary '','eyJhbGciOiJIUzM4NCJ9.eyJzdWIiOiJlbXBAbWFpbC5jb20iLCJyb2xlIjoiRU1QTE9ZRUUiLCJpYXQiOjE3MzI0MjY4NjYsImV4cCI6MTczMjUxMzI2Nn0.O5G9zPJqrbi6ZPIaNRVAeEhfHGIkmQHmfETFvWODB_eVmoRWLBsoEzbHUimqaiF2',3),(23,_binary '','eyJhbGciOiJIUzM4NCJ9.eyJzdWIiOiJlbXBAbWFpbC5jb20iLCJyb2xlIjoiRU1QTE9ZRUUiLCJpYXQiOjE3MzI0MjY4NzgsImV4cCI6MTczMjUxMzI3OH0.idBLsLOQCUk-H2gqZuRdgr_ttmkxyMLJ1QzgF6h3W_qVlOKYJi1FcslMQIpi0nCO',3),(24,_binary '','eyJhbGciOiJIUzM4NCJ9.eyJzdWIiOiJlbXBAbWFpbC5jb20iLCJyb2xlIjoiRU1QTE9ZRUUiLCJpYXQiOjE3MzI0MjY5OTEsImV4cCI6MTczMjUxMzM5MX0.8OPg0xY09f2hu8UpEFu72H1BSIHR8eMzi19IH9yajgcdab9jgd48UGlrIJonKBMu',3),(25,_binary '','eyJhbGciOiJIUzM4NCJ9.eyJzdWIiOiJlbXBAbWFpbC5jb20iLCJyb2xlIjoiRU1QTE9ZRUUiLCJpYXQiOjE3MzI0MjcxMzEsImV4cCI6MTczMjUxMzUzMX0.G0lvGTwmOiJk5djDfe_fd_9TBOjHgO8RHbGPBnfjC0Mdb6EQN4fmOUt20wVBEeGa',3),(26,_binary '','eyJhbGciOiJIUzM4NCJ9.eyJzdWIiOiJlbXBAbWFpbC5jb20iLCJyb2xlIjoiRU1QTE9ZRUUiLCJpYXQiOjE3MzI0MjczNzUsImV4cCI6MTczMjUxMzc3NX0.DFE_N7bby-iivaqSVp0GpjQT4hUHoz9GrRkhUQhJNgtv7qfDQ5AfDw86LY7z6sUd',3),(27,_binary '','eyJhbGciOiJIUzM4NCJ9.eyJzdWIiOiJlbXBAbWFpbC5jb20iLCJyb2xlIjoiRU1QTE9ZRUUiLCJpYXQiOjE3MzI0Mjc4MDQsImV4cCI6MTczMjUxNDIwNH0.T7n2uWa-4vui-B-kQM5zlpu19rLAMpHf-VO8JVeCcTl1li5MSdcXP0ElViEHOw_v',3),(28,_binary '','eyJhbGciOiJIUzM4NCJ9.eyJzdWIiOiJhQG1haWwuY29tIiwicm9sZSI6IkFETUlOIiwiaWF0IjoxNzMyNDI3ODEyLCJleHAiOjE3MzI1MTQyMTJ9.qgVZXsq6WUFSekO9yxRlzWN-ickDNB_efQzoPcoHBJV0-_YcHrDFSy7Hp6nKN30L',1),(29,_binary '','eyJhbGciOiJIUzM4NCJ9.eyJzdWIiOiJlbXBAbWFpbC5jb20iLCJyb2xlIjoiRU1QTE9ZRUUiLCJpYXQiOjE3MzI0Mjc4MjMsImV4cCI6MTczMjUxNDIyM30.-IoYeeCnCKRxasC9OQb9R8cNv1zmXJNdMNJQNBRCnupf6Tq3W-cLR6w9w1RwfpaP',3),(30,_binary '','eyJhbGciOiJIUzM4NCJ9.eyJzdWIiOiJlbXBAbWFpbC5jb20iLCJyb2xlIjoiRU1QTE9ZRUUiLCJpYXQiOjE3MzI0Mjc5NzAsImV4cCI6MTczMjUxNDM3MH0.CWMZmGbRpIB6fUbEwVkk_ZnbsiEQv4P59vo5-eGLMNDbqGQ-KRU0jgXwOsVtYLT4',3),(31,_binary '','eyJhbGciOiJIUzM4NCJ9.eyJzdWIiOiJlbXBAbWFpbC5jb20iLCJyb2xlIjoiRU1QTE9ZRUUiLCJpYXQiOjE3MzI0MjgwODIsImV4cCI6MTczMjUxNDQ4Mn0._88vOOUosKiQGq05Pg-RxVLgc9UpWsN64HP_UPQyk8_3ku1JB3JT3jFgxIsjnviF',3),(32,_binary '','eyJhbGciOiJIUzM4NCJ9.eyJzdWIiOiJlbXBAbWFpbC5jb20iLCJyb2xlIjoiRU1QTE9ZRUUiLCJpYXQiOjE3MzI0MjgxMjQsImV4cCI6MTczMjUxNDUyNH0.yr_cnZk91t8p_QRB5u3UcGSYjns8WsSXrKuPeXvgVi-XM-l_LYhI9RbD6hG1qeiU',3),(33,_binary '','eyJhbGciOiJIUzM4NCJ9.eyJzdWIiOiJhQG1haWwuY29tIiwicm9sZSI6IkFETUlOIiwiaWF0IjoxNzMyNDI4NjY3LCJleHAiOjE3MzI1MTUwNjd9.ihSAZuE2PfUUoTjzNjqLUAbs4XuTC1pVXhrDd4epn0ARjs2yxpiGC0-p3NlDIWl5',1),(34,_binary '','eyJhbGciOiJIUzM4NCJ9.eyJzdWIiOiJhQG1haWwuY29tIiwicm9sZSI6IkFETUlOIiwiaWF0IjoxNzMyNDI4ODk5LCJleHAiOjE3MzI1MTUyOTl9.1YBZpTygXLA7ImWL6VWQqcbVURErz8GG4HagN1M3sS75ihpjIabVxTV9GWn0858G',1),(35,_binary '','eyJhbGciOiJIUzM4NCJ9.eyJzdWIiOiJlbXBAbWFpbC5jb20iLCJyb2xlIjoiRU1QTE9ZRUUiLCJpYXQiOjE3MzI0Mjg5MjEsImV4cCI6MTczMjUxNTMyMX0.vc45ios-2N6ahghUB9fp9GOCi_M05NLb7JjeuZRCv04jhTE2JPnAVzERWxhpBprT',3),(36,_binary '','eyJhbGciOiJIUzM4NCJ9.eyJzdWIiOiJlbXBAbWFpbC5jb20iLCJyb2xlIjoiRU1QTE9ZRUUiLCJpYXQiOjE3MzI0MjkxMjEsImV4cCI6MTczMjUxNTUyMX0.aM-mk_FjXL7jKP2FKW7pPH3FYiHPXppChC9LGo7W3vCWSfj0ZqDRZ6RumMI85jdg',3),(37,_binary '','eyJhbGciOiJIUzM4NCJ9.eyJzdWIiOiJlbXBAbWFpbC5jb20iLCJyb2xlIjoiRU1QTE9ZRUUiLCJpYXQiOjE3MzI0NjkyNjAsImV4cCI6MTczMjU1NTY2MH0.eAU6_EjjT6zwY8Xtqvta-uo-ls1PSUfY5emNGXR-dbL-IfHlj70p5c0WAKewnK_q',3),(38,_binary '','eyJhbGciOiJIUzM4NCJ9.eyJzdWIiOiJtQG1haWwuY29tIiwicm9sZSI6Ik1BTkFHRVIiLCJpYXQiOjE3MzI0NzA5MjgsImV4cCI6MTczMjU1NzMyOH0.4nEZUpHKmQGGx2Dzd2R8TIILtfufOYHo61B_M1TUTdlsoe3aCqD7vnYdBvuCKqxn',2),(39,_binary '','eyJhbGciOiJIUzM4NCJ9.eyJzdWIiOiJtQG1haWwuY29tIiwicm9sZSI6Ik1BTkFHRVIiLCJpYXQiOjE3MzI0NzI1MTYsImV4cCI6MTczMjU1ODkxNn0.Yp5_WJioA0b0SyfRSII6vMsJmpCcWuVCu7M-8LV7RcfrXk5GT1n-o5BXoxq904On',2),(40,_binary '','eyJhbGciOiJIUzM4NCJ9.eyJzdWIiOiJtQG1haWwuY29tIiwicm9sZSI6Ik1BTkFHRVIiLCJpYXQiOjE3MzI0NzM4NTgsImV4cCI6MTczMjU2MDI1OH0.4ihmPdy4xrDbsrueuoF0YzrB2qI4yvnjQqZjjtlF3KXFEL7ItdO5NRjiygnB69z4',2),(41,_binary '','eyJhbGciOiJIUzM4NCJ9.eyJzdWIiOiJtQG1haWwuY29tIiwicm9sZSI6Ik1BTkFHRVIiLCJpYXQiOjE3MzI0NzUxMzgsImV4cCI6MTczMjU2MTUzOH0.0g8MfM7aMviaJyGEihwD-E25qW3uo_bIQ_8dPzYJ8nHG0Faw-dDj6MAIcqR9OL8O',2),(42,_binary '','eyJhbGciOiJIUzM4NCJ9.eyJzdWIiOiJlbXBAbWFpbC5jb20iLCJyb2xlIjoiRU1QTE9ZRUUiLCJpYXQiOjE3MzI1MTI4MzYsImV4cCI6MTczMjU5OTIzNn0.jZU-J17ub5qwL2lTBGZ28XgvztXEg5iHOpByGl9tDLjafM8ujsO81wWBfKG4K1_E',3),(43,_binary '','eyJhbGciOiJIUzM4NCJ9.eyJzdWIiOiJlbXBAbWFpbC5jb20iLCJyb2xlIjoiRU1QTE9ZRUUiLCJpYXQiOjE3MzI1MTMyMDAsImV4cCI6MTczMjU5OTYwMH0.gCVRjKRaUPGD_zY2ID-u_-VPpI9pxTZJ4nUbXr-x0gFZXOnn341gevar_JzhqZtN',3),(44,_binary '','eyJhbGciOiJIUzM4NCJ9.eyJzdWIiOiJtQG1haWwuY29tIiwicm9sZSI6Ik1BTkFHRVIiLCJpYXQiOjE3MzI1MTM2OTksImV4cCI6MTczMjYwMDA5OX0.I4ynDpSi31XqTo4YDB8m0Y-gaAgKy3ylehVW2tMx304lV74srk8ga0Aic11mDtE2',2),(45,_binary '','eyJhbGciOiJIUzM4NCJ9.eyJzdWIiOiJtQG1haWwuY29tIiwicm9sZSI6Ik1BTkFHRVIiLCJpYXQiOjE3MzI1MTM4NTMsImV4cCI6MTczMjYwMDI1M30.TEvRZd0OiAKb7y60HkQpyue8T6HJP-bXxrXt5UwS9GirhSGc3zCsbJ5cX5ezQj3C',2),(46,_binary '','eyJhbGciOiJIUzM4NCJ9.eyJzdWIiOiJlbXBAbWFpbC5jb20iLCJyb2xlIjoiRU1QTE9ZRUUiLCJpYXQiOjE3MzI1MTQwNDQsImV4cCI6MTczMjYwMDQ0NH0.PM3Mr_eCIGXcCwiMY-B--UQUl8vrdYYpvSs-bhAdC-veNMkfY_ycA5Nmco5ZKDI-',3),(47,_binary '','eyJhbGciOiJIUzM4NCJ9.eyJzdWIiOiJtQG1haWwuY29tIiwicm9sZSI6Ik1BTkFHRVIiLCJpYXQiOjE3MzI1MTQyMjUsImV4cCI6MTczMjYwMDYyNX0.sjj6GQLAfgZkaM2r09V1TCTqC-d9Vbu-rzLAvpiaHRbZILLESKEBR7qo2H6DRXm3',2),(48,_binary '','eyJhbGciOiJIUzM4NCJ9.eyJzdWIiOiJlbXBAbWFpbC5jb20iLCJyb2xlIjoiRU1QTE9ZRUUiLCJpYXQiOjE3MzI1MTQyNjAsImV4cCI6MTczMjYwMDY2MH0.yCej1-jRsqXDCrAptQZUQcD6AnK0nMYeMLZt0QHRqYhbRwk6gCQPZhsEjK501viP',3),(49,_binary '','eyJhbGciOiJIUzM4NCJ9.eyJzdWIiOiJtQG1haWwuY29tIiwicm9sZSI6Ik1BTkFHRVIiLCJpYXQiOjE3MzI1MTQyODYsImV4cCI6MTczMjYwMDY4Nn0.CvKOcgovfi3QPHRjXWiVffoGZrFFyAmtN1Y5cI3zbjfSUVQDQmhFTNT2beIeaqS8',2),(50,_binary '','eyJhbGciOiJIUzM4NCJ9.eyJzdWIiOiJtQG1haWwuY29tIiwicm9sZSI6Ik1BTkFHRVIiLCJpYXQiOjE3MzI1MTg0MDIsImV4cCI6MTczMjYwNDgwMn0.XKESdECWAtuW2sQSZbnmy6hI0nYODf-RLk6P22zqerwHol3j2ZoGo-eOKZ1TOsgf',2),(51,_binary '','eyJhbGciOiJIUzM4NCJ9.eyJzdWIiOiJlbXBAbWFpbC5jb20iLCJyb2xlIjoiRU1QTE9ZRUUiLCJpYXQiOjE3MzI1NjgzNTEsImV4cCI6MTczMjY1NDc1MX0.69svI8DeEgZRxMAbTHtNCZUfyAFpRVfwvBGgOCbHB8aFgD2L0_qOeJBkLWj0OaS9',3),(52,_binary '','eyJhbGciOiJIUzM4NCJ9.eyJzdWIiOiJlbXBAbWFpbC5jb20iLCJyb2xlIjoiRU1QTE9ZRUUiLCJpYXQiOjE3MzI1NjgzODUsImV4cCI6MTczMjY1NDc4NX0.Kl0OzHxnl_dCCOhP4gU0bWHUDqWCs-DTHBp2XGg3rGIjAW-kervWElMZumDYvSCG',3),(53,_binary '','eyJhbGciOiJIUzM4NCJ9.eyJzdWIiOiJtQG1haWwuY29tIiwicm9sZSI6Ik1BTkFHRVIiLCJpYXQiOjE3MzI1Njg0MDAsImV4cCI6MTczMjY1NDgwMH0._CTMO9hpMfnJoNtJHnLaGFEPacfKiM8ONSHuV2BEsTF27x10Vj8CKVvKe74NlSrx',2),(54,_binary '','eyJhbGciOiJIUzM4NCJ9.eyJzdWIiOiJlbXBAbWFpbC5jb20iLCJyb2xlIjoiRU1QTE9ZRUUiLCJpYXQiOjE3MzI1Njg3NzksImV4cCI6MTczMjY1NTE3OX0.08QjknPGwbnk59WeZJjdxVTctA1CthftjMqlgNYg_A96kQZpSBtelbpQiOt_IsNw',3),(55,_binary '','eyJhbGciOiJIUzM4NCJ9.eyJzdWIiOiJlbXBAbWFpbC5jb20iLCJyb2xlIjoiRU1QTE9ZRUUiLCJpYXQiOjE3MzI1Njg4ODUsImV4cCI6MTczMjY1NTI4NX0.SACXEJWdb6-yxHnlHRLtosgSZ_eWQOSB6du8i9jSHBGBsfgAW3MJRTZWan4PDYtn',3),(56,_binary '','eyJhbGciOiJIUzM4NCJ9.eyJzdWIiOiJlbXBAbWFpbC5jb20iLCJyb2xlIjoiRU1QTE9ZRUUiLCJpYXQiOjE3MzI1OTk2NTIsImV4cCI6MTczMjY4NjA1Mn0.TNYgYZn4gZcJcrYgXgIFBOBO5Am4pkN47wM7NFziSTWUTMoYqfmT6WZUlKzYfMDf',3),(57,_binary '','eyJhbGciOiJIUzM4NCJ9.eyJzdWIiOiJlbXBAbWFpbC5jb20iLCJyb2xlIjoiRU1QTE9ZRUUiLCJpYXQiOjE3MzI1OTk2NzAsImV4cCI6MTczMjY4NjA3MH0.dd1FkVSk8VgbbOwuC9uIKu7HSmem3dGQsbhGTdkCglzkgwuFMA6ijbXAO8Pnunlu',3),(58,_binary '','eyJhbGciOiJIUzM4NCJ9.eyJzdWIiOiJtQG1haWwuY29tIiwicm9sZSI6Ik1BTkFHRVIiLCJpYXQiOjE3MzI2MDAwMTAsImV4cCI6MTczMjY4NjQxMH0.ZHfO-8-ssAssWzsYcEGGNjzByjqpWgY7jGgs-BVtyWBKGVAOkAZtVB7Fy0RwixoZ',2),(59,_binary '','eyJhbGciOiJIUzM4NCJ9.eyJzdWIiOiJlbXBAbWFpbC5jb20iLCJyb2xlIjoiRU1QTE9ZRUUiLCJpYXQiOjE3MzI2MDAyNDcsImV4cCI6MTczMjY4NjY0N30.QAOxNoE2a5SNnEo-xUoKKl_UMm7pp2mUadPdaBrgIo7DD2risEKo9ryXM6WS6wgg',3),(60,_binary '','eyJhbGciOiJIUzM4NCJ9.eyJzdWIiOiJtQG1haWwuY29tIiwicm9sZSI6Ik1BTkFHRVIiLCJpYXQiOjE3MzI2MDAyNTYsImV4cCI6MTczMjY4NjY1Nn0.1Bz4bI2EVlLILowi6n1tXKT-qSm_ElLQAlNbyH2Ig34IfblED4yhKaEZxRYmOoT8',2),(61,_binary '','eyJhbGciOiJIUzM4NCJ9.eyJzdWIiOiJlbXBAbWFpbC5jb20iLCJyb2xlIjoiRU1QTE9ZRUUiLCJpYXQiOjE3MzI2MDIxNDcsImV4cCI6MTczMjY4ODU0N30.qV3ZnKEiY2Lu09VQP2sJjm07u45O9Tfxm8uidLEpPrp9UsH5rZ_TfXT3wl2MwrLK',3),(62,_binary '','eyJhbGciOiJIUzM4NCJ9.eyJzdWIiOiJtQG1haWwuY29tIiwicm9sZSI6Ik1BTkFHRVIiLCJpYXQiOjE3MzI2MDIyMjYsImV4cCI6MTczMjY4ODYyNn0.xegkWxXgdh0XxT8jX5DBULOxAeqH1dqtu5bNVRQsTXXHOyfaSQEZ8OU8QlEkE7KW',2),(63,_binary '','eyJhbGciOiJIUzM4NCJ9.eyJzdWIiOiJlbXA0QG1haWwuY29tIiwicm9sZSI6IkVNUExPWUVFIiwiaWF0IjoxNzMyNjA0MjU2LCJleHAiOjE3MzI2OTA2NTZ9.EA_kHCPRwWLbA4CdwsQIbeWr3qSvWeRIpgWL9EWmzWXI9p1bfasfEQTb1OOC4-OP',8),(64,_binary '','eyJhbGciOiJIUzM4NCJ9.eyJzdWIiOiJlbXBAbWFpbC5jb20iLCJyb2xlIjoiRU1QTE9ZRUUiLCJpYXQiOjE3MzI2MDUxMTQsImV4cCI6MTczMjY5MTUxNH0.xm5m7gorwM9YqrL_IeW08-YkqM5iqmK-GEo5khHwntkiliKUdCawS5NqBToiyQ3Q',3),(65,_binary '','eyJhbGciOiJIUzM4NCJ9.eyJzdWIiOiJlbXBAbWFpbC5jb20iLCJyb2xlIjoiRU1QTE9ZRUUiLCJpYXQiOjE3MzI2MDU5NTQsImV4cCI6MTczMjY5MjM1NH0.OMe1BBgqn949oQ3vlUooWhVSlryBKIGOsbKUAJ3TUYn9iMHYlXaIg-JgsL623xQY',3),(66,_binary '','eyJhbGciOiJIUzM4NCJ9.eyJzdWIiOiJlbXBAbWFpbC5jb20iLCJyb2xlIjoiRU1QTE9ZRUUiLCJpYXQiOjE3MzI2NDU5MDQsImV4cCI6MTczMjczMjMwNH0.stJUR0cWm3wiqeH_i-a48t9NT7aYQI6hP2pqt4TPIPQ9DT6VP0mBxd422ZMEKghq',3),(67,_binary '','eyJhbGciOiJIUzM4NCJ9.eyJzdWIiOiJlbXBAbWFpbC5jb20iLCJyb2xlIjoiRU1QTE9ZRUUiLCJpYXQiOjE3MzI2NDkxMDgsImV4cCI6MTczMjczNTUwOH0.CfRicuJfgKjaNYhL0otGZC42qODJ5c79OrIanCk6s8od6c58Sy6t0jCCwnoTIQMR',3),(68,_binary '\0','eyJhbGciOiJIUzM4NCJ9.eyJzdWIiOiJlbXAxQG1haWwuY29tIiwicm9sZSI6IkVNUExPWUVFIiwiaWF0IjoxNzMyNjQ5MTIwLCJleHAiOjE3MzI3MzU1MjB9.TqSJ6NzA_My36C3Hi_P1UPL3bYrmDiUq7ehoqVjq8bjUI5S_PeWCQadCmy1CuqUG',5),(69,_binary '','eyJhbGciOiJIUzM4NCJ9.eyJzdWIiOiJlbXA0QG1haWwuY29tIiwicm9sZSI6IkVNUExPWUVFIiwiaWF0IjoxNzMyNjQ5MjcyLCJleHAiOjE3MzI3MzU2NzJ9.hZ_8f9Orov6ABFQpfwwZS7Lc0udndOXwjswBeknKecg_AO8YtbmzB6F7qi95fucs',8),(70,_binary '','eyJhbGciOiJIUzM4NCJ9.eyJzdWIiOiJlbXBAbWFpbC5jb20iLCJyb2xlIjoiRU1QTE9ZRUUiLCJpYXQiOjE3MzI2NzI4NzAsImV4cCI6MTczMjc1OTI3MH0.Hgk9bIP6LerjvB91X3SIvRBwYtR8SeoGRD2khs_vPvw1Zp-iMsODDaj5fr7Fgrxs',3),(71,_binary '','eyJhbGciOiJIUzM4NCJ9.eyJzdWIiOiJtQG1haWwuY29tIiwicm9sZSI6Ik1BTkFHRVIiLCJpYXQiOjE3MzI2NzMzMTUsImV4cCI6MTczMjc1OTcxNX0.7g2O3hPHZJbxGdpjF7zhV9_Zvd61wSZC2AtcmLA-RkM7C8o5umfAkQHIrCJoT8iu',2),(72,_binary '','eyJhbGciOiJIUzM4NCJ9.eyJzdWIiOiJlbXBAbWFpbC5jb20iLCJyb2xlIjoiRU1QTE9ZRUUiLCJpYXQiOjE3MzI2NzMzNDksImV4cCI6MTczMjc1OTc0OX0.Jt4-0KX9wYFzXvrCIVFjkfuTbk-5jiAsWJmS6bB-P_T4Q-SASJQyOq9iGF_L-Rmq',3),(73,_binary '','eyJhbGciOiJIUzM4NCJ9.eyJzdWIiOiJtQG1haWwuY29tIiwicm9sZSI6Ik1BTkFHRVIiLCJpYXQiOjE3MzI2ODEwMTIsImV4cCI6MTczMjc2NzQxMn0.spuqcnCOkA7PTCSt8-Kl4Rrm4v1dGpkyVbyCefkg-btO5AEYmDELunbleXoJjBV-',2),(74,_binary '','eyJhbGciOiJIUzM4NCJ9.eyJzdWIiOiJtQG1haWwuY29tIiwicm9sZSI6Ik1BTkFHRVIiLCJpYXQiOjE3MzI2OTIxMDUsImV4cCI6MTczMjc3ODUwNX0.7stFijPCdE0qbU9uRBQ4Z6284moI1YhxLSSmGmFC7KAMoczu3ayE4J6ht1jxchRA',2),(75,_binary '','eyJhbGciOiJIUzM4NCJ9.eyJzdWIiOiJlbXBAbWFpbC5jb20iLCJyb2xlIjoiRU1QTE9ZRUUiLCJpYXQiOjE3MzI5NTIzODQsImV4cCI6MTczMzAzODc4NH0.qPTfdD8kzAKsfkCVIh0XayNn4w5HUH_qersiIyOx-RkUPsaKekKc--pm55-Ml-Zk',3),(76,_binary '','eyJhbGciOiJIUzM4NCJ9.eyJzdWIiOiJlbXAyQG1haWwuY29tIiwicm9sZSI6IkVNUExPWUVFIiwiaWF0IjoxNzMyOTUyNTQwLCJleHAiOjE3MzMwMzg5NDB9.19fsJkcLAyU0h2aawOHr-198RokWO8_ADFjE856RocO11Vyr2OEbACjtPiykOMKg',6),(77,_binary '','eyJhbGciOiJIUzM4NCJ9.eyJzdWIiOiJlbXAyQG1haWwuY29tIiwicm9sZSI6IkVNUExPWUVFIiwiaWF0IjoxNzMyOTUyNzUyLCJleHAiOjE3MzMwMzkxNTJ9.11urk09rAO9X9N8rpI9qEfLfQTlRehnO1aj8Ckla6ww-0g622ZNNOAkEqydKfR5j',6),(78,_binary '','eyJhbGciOiJIUzM4NCJ9.eyJzdWIiOiJlbXA0QG1haWwuY29tIiwicm9sZSI6IkVNUExPWUVFIiwiaWF0IjoxNzMyOTUzNzg1LCJleHAiOjE3MzMwNDAxODV9.bMT8VmN-6UqhHjF4AOxlrkIB6XqFfwOBcBo2rHOVsRyIAJoqa_htZQLsWUqrch15',8),(79,_binary '','eyJhbGciOiJIUzM4NCJ9.eyJzdWIiOiJtQG1haWwuY29tIiwicm9sZSI6Ik1BTkFHRVIiLCJpYXQiOjE3MzI5NTM4NTQsImV4cCI6MTczMzA0MDI1NH0.iAM6nhFv-qSWqgbuJ7zJtjiAMZb0_6dHKxvlYYLoYR833aVswXwHefel69PPK3RS',2),(80,_binary '','eyJhbGciOiJIUzM4NCJ9.eyJzdWIiOiJhQG1haWwuY29tIiwicm9sZSI6IkFETUlOIiwiaWF0IjoxNzMyOTU0NzQ3LCJleHAiOjE3MzMwNDExNDd9.Wtr7xL1L5e1H9zzBqS9GCC3y1_eFjN7I6p49gXPpUrGUxjbu-bxAPXC6GUgysOsb',1),(81,_binary '\0','eyJhbGciOiJIUzM4NCJ9.eyJzdWIiOiJlbXAzQG1haWwuY29tIiwicm9sZSI6IkVNUExPWUVFIiwiaWF0IjoxNzMyOTU0NzcxLCJleHAiOjE3MzMwNDExNzF9.EvdDjstr9lvigcCiRqZeGQ_MXiNr4N1aaHB33G387spjYqJ8GyYoGKS-QmlqW1JJ',7),(82,_binary '','eyJhbGciOiJIUzM4NCJ9.eyJzdWIiOiJtcmFobWVkMTc5NkBnbWFpbC5jb20iLCJyb2xlIjoiRU1QTE9ZRUUiLCJpYXQiOjE3MzI5NTUyOTIsImV4cCI6MTczMzA0MTY5Mn0._OU_eS-P7Tj4tbbeSM--pHcyt2dAh2MEZVZ7Ey4uQv_4DYGV-6TssMRXlDkmC9VX',9),(83,_binary '','eyJhbGciOiJIUzM4NCJ9.eyJzdWIiOiJtcmFobWVkMTc5NkBnbWFpbC5jb20iLCJyb2xlIjoiRU1QTE9ZRUUiLCJpYXQiOjE3MzI5NTU1MzEsImV4cCI6MTczMzA0MTkzMX0.hIo8sSIp3UN4dIFtawIP_Nbb-bIHuUqB6JOq1-KTIPhrc-8tVGdkQRstoHFzVZyl',9),(84,_binary '','eyJhbGciOiJIUzM4NCJ9.eyJzdWIiOiJtQG1haWwuY29tIiwicm9sZSI6Ik1BTkFHRVIiLCJpYXQiOjE3MzI5NTU2NDgsImV4cCI6MTczMzA0MjA0OH0.-Kwd8lhMm5Qan6WjIqd8AHn0R3_iKGL53pyE2XRdc1gxLem2V1rwxJUkBqDJlSH0',2),(85,_binary '','eyJhbGciOiJIUzM4NCJ9.eyJzdWIiOiJlbXBAbWFpbC5jb20iLCJyb2xlIjoiRU1QTE9ZRUUiLCJpYXQiOjE3MzI5NTU3MTgsImV4cCI6MTczMzA0MjExOH0.SUw7qsPt2utSYj2eik9v1-gePaNTF77ZMQpd6qZRO3kSmuCIiarpu3Pe_vHoM16C',3),(86,_binary '','eyJhbGciOiJIUzM4NCJ9.eyJzdWIiOiJtQG1haWwuY29tIiwicm9sZSI6Ik1BTkFHRVIiLCJpYXQiOjE3MzI5NTU3OTQsImV4cCI6MTczMzA0MjE5NH0.blyKQdLAahOLZucJ9HHE3sKaR0C7WErxqkcHnY2bGsvblz37DWoBInhNl85VOGzy',2),(87,_binary '','eyJhbGciOiJIUzM4NCJ9.eyJzdWIiOiJtQG1haWwuY29tIiwicm9sZSI6Ik1BTkFHRVIiLCJpYXQiOjE3MzI5NTgwODMsImV4cCI6MTczMzA0NDQ4M30._wWlYIBGw9LGZO2Nh0ZqCARsnxZlLkQXrYn0eaDUZe_0zM-PJv0-dlLhi_vvuI4x',2),(88,_binary '','eyJhbGciOiJIUzM4NCJ9.eyJzdWIiOiJtQG1haWwuY29tIiwicm9sZSI6Ik1BTkFHRVIiLCJpYXQiOjE3MzI5NTk0NzMsImV4cCI6MTczMzA0NTg3M30.5xRvc6855YkXXOtUi_x1L-hUHv4ewuRc-3Lxo5NkUo_xZf9JpPFtF8ZOTjhMVLst',2),(89,_binary '','eyJhbGciOiJIUzM4NCJ9.eyJzdWIiOiJtQG1haWwuY29tIiwicm9sZSI6Ik1BTkFHRVIiLCJpYXQiOjE3MzI5NTk3NDEsImV4cCI6MTczMzA0NjE0MX0.hHAGlAoxpfAMzhqDXBp1CMUjKL9uAEsxIOJ6gKmwUCu216C8xhU3j_ZJ0AfnUVOa',2),(90,_binary '\0','eyJhbGciOiJIUzM4NCJ9.eyJzdWIiOiJtcmFobWVkMTc5NkBnbWFpbC5jb20iLCJyb2xlIjoiRU1QTE9ZRUUiLCJpYXQiOjE3MzI5NTk5ODAsImV4cCI6MTczMzA0NjM4MH0.5eD-eyCFf8FXddgUN_HH2ZrEDQKPM0irNKvzp3gODCH1B-e-XqmpPwxFgD0U1yfd',9),(91,_binary '','eyJhbGciOiJIUzM4NCJ9.eyJzdWIiOiJtQG1haWwuY29tIiwicm9sZSI6Ik1BTkFHRVIiLCJpYXQiOjE3MzI5NjAxMjcsImV4cCI6MTczMzA0NjUyN30.hUXgXgD0hbWKhWiLkRPa4fmnkSzCVpyqsWaSKzywftoINPf37qvnKDGoxpFIPvgL',2),(92,_binary '','eyJhbGciOiJIUzM4NCJ9.eyJzdWIiOiJ0YW1pbWFobWVkcmFqdUBnbWFpbC5jb20iLCJyb2xlIjoiRU1QTE9ZRUUiLCJpYXQiOjE3MzI5ODU4NDUsImV4cCI6MTczMzA3MjI0NX0.a9VkOXPkTaR40f9eWUwqbY-iJYYnqeOS2PIE4Az0Kd_WuBY3JkXpPUEjgdsYD8I6',10),(93,_binary '','eyJhbGciOiJIUzM4NCJ9.eyJzdWIiOiJ0YW1pbWFobWVkcmFqdUBnbWFpbC5jb20iLCJyb2xlIjoiRU1QTE9ZRUUiLCJpYXQiOjE3MzI5ODYwODAsImV4cCI6MTczMzA3MjQ4MH0.l72BnZEiknUlVoVk7O1nqTUTZ94PMTqKZOPcVWDN-hiqjsWSXybHGqzNi4Yny-2d',10),(94,_binary '','eyJhbGciOiJIUzM4NCJ9.eyJzdWIiOiJtQG1haWwuY29tIiwicm9sZSI6Ik1BTkFHRVIiLCJpYXQiOjE3MzI5ODYxNTAsImV4cCI6MTczMzA3MjU1MH0.7A_uerKvna_zbhklPQEM4z21FRUtXIMBXy5kbK-8U-BJQ1Zo3psa4yUKHuL2OyCP',2),(95,_binary '','eyJhbGciOiJIUzM4NCJ9.eyJzdWIiOiJlbXBAbWFpbC5jb20iLCJyb2xlIjoiRU1QTE9ZRUUiLCJpYXQiOjE3MzI5ODc1NDgsImV4cCI6MTczMzA3Mzk0OH0.jEvhTjCpUFiyeui8pN8HSXJci2PRXb_3RpZp_Hn9DDPF2vpy6cZXMGOgjsFFRkR9',3),(96,_binary '','eyJhbGciOiJIUzM4NCJ9.eyJzdWIiOiJtQG1haWwuY29tIiwicm9sZSI6Ik1BTkFHRVIiLCJpYXQiOjE3MzI5ODc2MTUsImV4cCI6MTczMzA3NDAxNX0.ERijZYCj4v3Fs1ctFyMGrprHNnqH_5FqIZCPIX20OEhpDNCrzmY5h5atM8gEl0TF',2),(97,_binary '','eyJhbGciOiJIUzM4NCJ9.eyJzdWIiOiJhQG1haWwuY29tIiwicm9sZSI6IkFETUlOIiwiaWF0IjoxNzMyOTg3NzM2LCJleHAiOjE3MzMwNzQxMzZ9.bjWo_lHbBjSj4gCSpRb2bvUZEP0kJBN9fgLIRjG_nkjwyHJfJLSDSJM3X_hIMvXs',1),(98,_binary '','eyJhbGciOiJIUzM4NCJ9.eyJzdWIiOiJlbXBAbWFpbC5jb20iLCJyb2xlIjoiRU1QTE9ZRUUiLCJpYXQiOjE3MzI5ODc3NjQsImV4cCI6MTczMzA3NDE2NH0.MDDNW5_RibqGqVLWCJS7lxm2wLP0padczeWXbGVy8iW0g05IkWdzAEhMauTsOGye',3),(99,_binary '','eyJhbGciOiJIUzM4NCJ9.eyJzdWIiOiJtQG1haWwuY29tIiwicm9sZSI6Ik1BTkFHRVIiLCJpYXQiOjE3MzI5ODc3NzksImV4cCI6MTczMzA3NDE3OX0.A1Tf6XY8m7vf6wOyg65K2PaGuQyTB5-r_WAUlz7yzqfj-6iWG6W2eHJV2JOXr4uY',2),(100,_binary '','eyJhbGciOiJIUzM4NCJ9.eyJzdWIiOiJlbXBAbWFpbC5jb20iLCJyb2xlIjoiRU1QTE9ZRUUiLCJpYXQiOjE3MzI5ODgzNDYsImV4cCI6MTczMzA3NDc0Nn0.tiPTn4jBIz6qSpmRd-4LZGmOGjX5Y4iIVbSNboHG5FfsAJeM6DnBoVtHcPen0JsH',3),(101,_binary '','eyJhbGciOiJIUzM4NCJ9.eyJzdWIiOiJlbXBAbWFpbC5jb20iLCJyb2xlIjoiRU1QTE9ZRUUiLCJpYXQiOjE3MzI5ODg1ODEsImV4cCI6MTczMzA3NDk4MX0.1PyFIqdEHXlC8gGQkaYR8j4QncLVkg9bt_HiNvdcFMt5lav3WCvLXCGtNqCIqo8X',3),(102,_binary '','eyJhbGciOiJIUzM4NCJ9.eyJzdWIiOiJtQG1haWwuY29tIiwicm9sZSI6Ik1BTkFHRVIiLCJpYXQiOjE3MzI5ODg2NjcsImV4cCI6MTczMzA3NTA2N30.HLmUoL6M3xE3Kx7o2LPqfzRSw8KR0LER3gSO4FpmDRBIBpQkCr9XsmqDur5FeNyv',2),(103,_binary '','eyJhbGciOiJIUzM4NCJ9.eyJzdWIiOiJtQG1haWwuY29tIiwicm9sZSI6Ik1BTkFHRVIiLCJpYXQiOjE3MzI5ODg4MTgsImV4cCI6MTczMzA3NTIxOH0.UTALWp6Qx3i2JkkvTnFGyfTsoGL-iBKDk4irSlxmvmN25mLEmj1YaV_vYeEw0xej',2),(104,_binary '','eyJhbGciOiJIUzM4NCJ9.eyJzdWIiOiJtQG1haWwuY29tIiwicm9sZSI6Ik1BTkFHRVIiLCJpYXQiOjE3MzI5ODkwNTksImV4cCI6MTczMzA3NTQ1OX0.zGJKI1Eq9Uzdl90jdOHZLr9oGV6BatVE3zl-QQY9AghkhK7Gt8SGq0wLny5ssPIr',2),(105,_binary '','eyJhbGciOiJIUzM4NCJ9.eyJzdWIiOiJlbXBAbWFpbC5jb20iLCJyb2xlIjoiRU1QTE9ZRUUiLCJpYXQiOjE3MzI5ODkwNzksImV4cCI6MTczMzA3NTQ3OX0.T3DefL1gmNA7u67KcakaVzFaH_CfvCFit51K393S8dv9hbjM3Plnuab-xQ5O-Uc1',3),(106,_binary '','eyJhbGciOiJIUzM4NCJ9.eyJzdWIiOiJtQG1haWwuY29tIiwicm9sZSI6Ik1BTkFHRVIiLCJpYXQiOjE3MzI5ODkwOTYsImV4cCI6MTczMzA3NTQ5Nn0.VYnbRyxL71K7k4Eju-EdiCLkN9RFpRDCBkZuVDK_q-BWuP6Zx0zXVWjIbM7XIiup',2),(107,_binary '','eyJhbGciOiJIUzM4NCJ9.eyJzdWIiOiJhQG1haWwuY29tIiwicm9sZSI6IkFETUlOIiwiaWF0IjoxNzMyOTg5MTQ4LCJleHAiOjE3MzMwNzU1NDh9.czmxQbjm9HMbUvHpmBgzFXdliDkwf3KA-Hgx8kHmhfInoKzbk3eK8MeRMhg-1OVf',1),(108,_binary '','eyJhbGciOiJIUzM4NCJ9.eyJzdWIiOiJhQG1haWwuY29tIiwicm9sZSI6IkFETUlOIiwiaWF0IjoxNzMyOTg5MTgwLCJleHAiOjE3MzMwNzU1ODB9.jv68e4o8Uf3TlHssR2PGJ7rtVdgLO4Exa167cxEzZ1HXQpvbGJKtT5GaLsVUAMk8',1),(109,_binary '','eyJhbGciOiJIUzM4NCJ9.eyJzdWIiOiJlbXBAbWFpbC5jb20iLCJyb2xlIjoiRU1QTE9ZRUUiLCJpYXQiOjE3MzI5ODkxODgsImV4cCI6MTczMzA3NTU4OH0.oxQd1FN2nDhEPaECTZs6Wn1xLDZ6XVSF0f7NjyPNN5tIP65XDx4O38ot99tKk76I',3),(110,_binary '','eyJhbGciOiJIUzM4NCJ9.eyJzdWIiOiJtQG1haWwuY29tIiwicm9sZSI6Ik1BTkFHRVIiLCJpYXQiOjE3MzI5ODkxOTcsImV4cCI6MTczMzA3NTU5N30.Xcix9lv--xKSVwv4wQB81QvB7MLKGFUYQxg3PQjAMUX0WoS4904PQtgoqaWh-QTo',2),(111,_binary '','eyJhbGciOiJIUzM4NCJ9.eyJzdWIiOiJtQG1haWwuY29tIiwicm9sZSI6Ik1BTkFHRVIiLCJpYXQiOjE3MzI5ODkzODAsImV4cCI6MTczMzA3NTc4MH0.QRGF3QDbEcMLxfET2dTEiNFvJUj3g8AovCrjwYuyZVQ95l5ThS84xR60kEcEGZ__',2),(112,_binary '','eyJhbGciOiJIUzM4NCJ9.eyJzdWIiOiJtQG1haWwuY29tIiwicm9sZSI6Ik1BTkFHRVIiLCJpYXQiOjE3MzI5OTA3ODAsImV4cCI6MTczMzA3NzE4MH0.S3NlVDHZrwixihUEaTCwU5Fo-Oe7YH5uN42t_E1Noz-bvzsqZ_k902-qINHF8W9y',2),(113,_binary '','eyJhbGciOiJIUzM4NCJ9.eyJzdWIiOiJtQG1haWwuY29tIiwicm9sZSI6Ik1BTkFHRVIiLCJpYXQiOjE3MzI5OTA4MjUsImV4cCI6MTczMzA3NzIyNX0.amuRldx8NB1Ese8toUMqirNLfZvdPrJUd9zQOFxT0SftSMHqFG7VBdbINx2vggef',2),(114,_binary '','eyJhbGciOiJIUzM4NCJ9.eyJzdWIiOiJlbXBAbWFpbC5jb20iLCJyb2xlIjoiRU1QTE9ZRUUiLCJpYXQiOjE3MzI5OTA5NjAsImV4cCI6MTczMzA3NzM2MH0.vNKqF_20ykw_koMRORuLMKD4e65fgePSWQzVZ5NoCCQ9qqsPe11qMgECi2R1qICA',3),(115,_binary '','eyJhbGciOiJIUzM4NCJ9.eyJzdWIiOiJlbXBAbWFpbC5jb20iLCJyb2xlIjoiRU1QTE9ZRUUiLCJpYXQiOjE3MzI5OTExOTgsImV4cCI6MTczMzA3NzU5OH0.xygjo7qv7nS3mYPL_q-aDKEyNTdWIxC_mapxWpbJoIZwBa6xkB9iGRAlFhWZub7x',3),(116,_binary '','eyJhbGciOiJIUzM4NCJ9.eyJzdWIiOiJtQG1haWwuY29tIiwicm9sZSI6Ik1BTkFHRVIiLCJpYXQiOjE3MzI5OTE0MzQsImV4cCI6MTczMzA3NzgzNH0.TZDxHSm-c9YjLF0CE6VkEVMu4LjTrMxJptis5-omD8EEzkAFrDDVhAeF0mhHQyKG',2),(117,_binary '\0','eyJhbGciOiJIUzM4NCJ9.eyJzdWIiOiJlbXAyQG1haWwuY29tIiwicm9sZSI6IkVNUExPWUVFIiwiaWF0IjoxNzMyOTkxNDcyLCJleHAiOjE3MzMwNzc4NzJ9.JhtWHvAyHKcd8eFGj-U4EpsvboLozKB3AD8cl0_IuIcgMh_UUfW_-D9FUBx7Il7L',6),(118,_binary '','eyJhbGciOiJIUzM4NCJ9.eyJzdWIiOiJhQG1haWwuY29tIiwicm9sZSI6IkFETUlOIiwiaWF0IjoxNzMyOTkxNTAyLCJleHAiOjE3MzMwNzc5MDJ9.X7TfZ8y8gfJobVTFeizQET5Ffjx9keY-Xm8tSgken5Y8E7q7_jni_WswRp6v_jaK',1),(119,_binary '','eyJhbGciOiJIUzM4NCJ9.eyJzdWIiOiJtQG1haWwuY29tIiwicm9sZSI6Ik1BTkFHRVIiLCJpYXQiOjE3MzI5OTE3MzksImV4cCI6MTczMzA3ODEzOX0.wSbgGDNeE7QdyIKFX7lVdUxhJ7q3qQQIoKxkFd1igwSksHgD6L2rin34IRzhsIbY',2),(120,_binary '','eyJhbGciOiJIUzM4NCJ9.eyJzdWIiOiJtQG1haWwuY29tIiwicm9sZSI6Ik1BTkFHRVIiLCJpYXQiOjE3MzI5OTE4MjcsImV4cCI6MTczMzA3ODIyN30.RbNej5c48SLvZeXmdQ7gn5XFCrg4TxOxXXhlz8BiWnz6FcdJSiX71XQHRtUHElZD',2),(121,_binary '','eyJhbGciOiJIUzM4NCJ9.eyJzdWIiOiJtQG1haWwuY29tIiwicm9sZSI6Ik1BTkFHRVIiLCJpYXQiOjE3MzI5OTE5MTQsImV4cCI6MTczMzA3ODMxNH0.rPjuY6_bS7G7d1SLtNYDvMCRzJXxpcAKQ302QkQTlMz6EZYCzBLuVZC_hlJCLmjA',2),(122,_binary '','eyJhbGciOiJIUzM4NCJ9.eyJzdWIiOiJlbXBAbWFpbC5jb20iLCJyb2xlIjoiRU1QTE9ZRUUiLCJpYXQiOjE3MzI5OTYzNzIsImV4cCI6MTczMzA4Mjc3Mn0.ONrqH0k7XyT5PI9lljbA8xrCe6PT7qEOJpeZTqU2gpnOtjH5X84xqZ7DZVReYLgX',3),(123,_binary '','eyJhbGciOiJIUzM4NCJ9.eyJzdWIiOiJtQG1haWwuY29tIiwicm9sZSI6Ik1BTkFHRVIiLCJpYXQiOjE3MzI5OTYzODUsImV4cCI6MTczMzA4Mjc4NX0.YhTROl4ai7WoHvnNN8kuzXs_Y8Uyh_QX05a27lcbWpFMiEVh5ht1apGa8RhNOY2A',2),(124,_binary '','eyJhbGciOiJIUzM4NCJ9.eyJzdWIiOiJlbXBAbWFpbC5jb20iLCJyb2xlIjoiRU1QTE9ZRUUiLCJpYXQiOjE3MzI5OTY0NjAsImV4cCI6MTczMzA4Mjg2MH0.tHVDBAUew9D6z0St5r57pauIwvsgws8_H8GSr583Fh5jdMMwmjpVfMKUXs7Jx9M2',3),(125,_binary '','eyJhbGciOiJIUzM4NCJ9.eyJzdWIiOiJtQG1haWwuY29tIiwicm9sZSI6Ik1BTkFHRVIiLCJpYXQiOjE3MzI5OTcwMjAsImV4cCI6MTczMzA4MzQyMH0.HjZN5jIALL__fZPvumNEmEXG6iJPjz39c-nw1uPNK4sjBdjl0-wpOxPzKHnJIQHX',2),(126,_binary '','eyJhbGciOiJIUzM4NCJ9.eyJzdWIiOiJtQG1haWwuY29tIiwicm9sZSI6Ik1BTkFHRVIiLCJpYXQiOjE3MzI5OTcxMDEsImV4cCI6MTczMzA4MzUwMX0.pEsyeXQZ-zffHDHLbhEHt7X_Ki_NeYJTTssMmrYmPFs-Bl9t5JaIR8WsEYb7C7kx',2),(127,_binary '','eyJhbGciOiJIUzM4NCJ9.eyJzdWIiOiJtQG1haWwuY29tIiwicm9sZSI6Ik1BTkFHRVIiLCJpYXQiOjE3MzI5OTcxNzUsImV4cCI6MTczMzA4MzU3NX0.oj95CeTYDBW0fcxfaoaLP0L3jgjd8C9YW5tAUlefxJ8CXKqOxnyMnD7qqWvi1CsR',2),(128,_binary '','eyJhbGciOiJIUzM4NCJ9.eyJzdWIiOiJtQG1haWwuY29tIiwicm9sZSI6Ik1BTkFHRVIiLCJpYXQiOjE3MzI5OTg1NzEsImV4cCI6MTczMzA4NDk3MX0.Y3uvQfGPZC6Hurhb72eVHoPjcVXKvvNERhO_C-nJOx23c3cBl96P6bKpWR5NffT-',2),(129,_binary '','eyJhbGciOiJIUzM4NCJ9.eyJzdWIiOiJtQG1haWwuY29tIiwicm9sZSI6Ik1BTkFHRVIiLCJpYXQiOjE3MzI5OTg4OTQsImV4cCI6MTczMzA4NTI5NH0.GrnnbhejyapWX7KCk5HBAV29K8xHfv8DVeh3j-lRFYwgM4Ni4ADGJISOVrp6TPEN',2),(130,_binary '','eyJhbGciOiJIUzM4NCJ9.eyJzdWIiOiJtQG1haWwuY29tIiwicm9sZSI6Ik1BTkFHRVIiLCJpYXQiOjE3MzI5OTkzNzcsImV4cCI6MTczMzA4NTc3N30.5RB0EMUgLNUlbsAJQaXx-xqJO3CYplRuPVNu75qh1fkLPbUxfcD91DboiCKCNpqM',2),(131,_binary '','eyJhbGciOiJIUzM4NCJ9.eyJzdWIiOiJtQG1haWwuY29tIiwicm9sZSI6Ik1BTkFHRVIiLCJpYXQiOjE3MzI5OTk0NjQsImV4cCI6MTczMzA4NTg2NH0.yvv5lKcRQS-fZBR7V8Ciin-8LPH4llkkWS4AEc0-yZAVynBPS-rgpZsPocum7pBB',2),(132,_binary '','eyJhbGciOiJIUzM4NCJ9.eyJzdWIiOiJtQG1haWwuY29tIiwicm9sZSI6Ik1BTkFHRVIiLCJpYXQiOjE3MzI5OTk1NDgsImV4cCI6MTczMzA4NTk0OH0.7ekFRkceoMr6V06FDIlCPZWJI0IV58CMHnpJIT8M53l72ohatTL9RimU5gBTOM0x',2),(133,_binary '','eyJhbGciOiJIUzM4NCJ9.eyJzdWIiOiJtQG1haWwuY29tIiwicm9sZSI6Ik1BTkFHRVIiLCJpYXQiOjE3MzI5OTk3NDUsImV4cCI6MTczMzA4NjE0NX0.bFs7ZohFaaJp5DFs3XrsiGZgilCcuMX11yc-4AnhjrZEPEadaYKSBQ3JKR6sdnrl',2),(134,_binary '','eyJhbGciOiJIUzM4NCJ9.eyJzdWIiOiJtQG1haWwuY29tIiwicm9sZSI6Ik1BTkFHRVIiLCJpYXQiOjE3MzMwMDAyODksImV4cCI6MTczMzA4NjY4OX0.V1T5rHUqgphbixovXNgFOX7-T8Am5l5qqvRrRfZqqcyPBRBiEk8Bjec1OLbd3P6k',2),(135,_binary '','eyJhbGciOiJIUzM4NCJ9.eyJzdWIiOiJtQG1haWwuY29tIiwicm9sZSI6Ik1BTkFHRVIiLCJpYXQiOjE3MzMwMDA3OTEsImV4cCI6MTczMzA4NzE5MX0.lCFkdj64kP1Pwuj_1tzi4Nmtsl8X1r9egBq0o_ejxv3u9-5xEuA53PFirKsckkdB',2),(136,_binary '','eyJhbGciOiJIUzM4NCJ9.eyJzdWIiOiJtQG1haWwuY29tIiwicm9sZSI6Ik1BTkFHRVIiLCJpYXQiOjE3MzMwMDEwMzUsImV4cCI6MTczMzA4NzQzNX0.HKOo4XZJQHu4WZnblypAQNPOFDEdqysnoDe_JIX72e7t24f6Hy9Q9wGezre4J3JI',2),(137,_binary '','eyJhbGciOiJIUzM4NCJ9.eyJzdWIiOiJtQG1haWwuY29tIiwicm9sZSI6Ik1BTkFHRVIiLCJpYXQiOjE3MzMwMDEwODYsImV4cCI6MTczMzA4NzQ4Nn0.Bzn2kJY5muuv_4-9r38ETwW4fdRTSB_xR4gvD8eZH7sWdovq99BUp9ldpxIziofP',2),(138,_binary '','eyJhbGciOiJIUzM4NCJ9.eyJzdWIiOiJtQG1haWwuY29tIiwicm9sZSI6Ik1BTkFHRVIiLCJpYXQiOjE3MzMwMDE2MjcsImV4cCI6MTczMzA4ODAyN30.kjZRUxwiZ6W3KB4l2tlHyUFRkAknczMEcS7jGb41R2U-AOY7cA9Amg2Chn4Frg40',2),(139,_binary '','eyJhbGciOiJIUzM4NCJ9.eyJzdWIiOiJlbXBAbWFpbC5jb20iLCJyb2xlIjoiRU1QTE9ZRUUiLCJpYXQiOjE3MzMwMjg1MTQsImV4cCI6MTczMzExNDkxNH0.ccLFxezjkc4qUSnTKgQaIIv4wQBqqaJ-4FgDB7z3W9yEHe3Sj8a31z86oAYNrChf',3),(140,_binary '','eyJhbGciOiJIUzM4NCJ9.eyJzdWIiOiJtQG1haWwuY29tIiwicm9sZSI6Ik1BTkFHRVIiLCJpYXQiOjE3MzMwMjg2OTIsImV4cCI6MTczMzExNTA5Mn0.JAi4WRjBcbwxTh9fdOjGK4bNyD3wsEPe-HwQ9LZA4jlOCGTcimf74nAmihccFB3d',2),(141,_binary '','eyJhbGciOiJIUzM4NCJ9.eyJzdWIiOiJtQG1haWwuY29tIiwicm9sZSI6Ik1BTkFHRVIiLCJpYXQiOjE3MzMwMjkxMjQsImV4cCI6MTczMzExNTUyNH0.5O-5ItxE6DKwzr3YH04ZqMj_qF3OhB3SFU5-Vw3K-oddpT-Npd_mQPPKNCwymh1h',2),(142,_binary '','eyJhbGciOiJIUzM4NCJ9.eyJzdWIiOiJtQG1haWwuY29tIiwicm9sZSI6Ik1BTkFHRVIiLCJpYXQiOjE3MzMwMzAxMzAsImV4cCI6MTczMzExNjUzMH0.st1tPTsRtXxZ3qwORHlmg7odZPKDs5TX_nbGHhBDKD94F5OU3KArNTJiSPxoF2hl',2),(143,_binary '','eyJhbGciOiJIUzM4NCJ9.eyJzdWIiOiJtQG1haWwuY29tIiwicm9sZSI6Ik1BTkFHRVIiLCJpYXQiOjE3MzMwMzAxOTEsImV4cCI6MTczMzExNjU5MX0.kEbxUdMK4kPgVqWQbS7JTjD5S955q5QL29dq5Old_qncVSRC4ru3Pg-mkMo4ASdw',2),(144,_binary '','eyJhbGciOiJIUzM4NCJ9.eyJzdWIiOiJtQG1haWwuY29tIiwicm9sZSI6Ik1BTkFHRVIiLCJpYXQiOjE3MzMwMzAyMTYsImV4cCI6MTczMzExNjYxNn0.eh8Q4MaNw5Gmim4GEyw_X5Kn9NBNOR9QEwkjuY7vKX40N-y4JCgAs9vh9eXPLB69',2),(145,_binary '\0','eyJhbGciOiJIUzM4NCJ9.eyJzdWIiOiJlbXA0QG1haWwuY29tIiwicm9sZSI6IkVNUExPWUVFIiwiaWF0IjoxNzMzMDMwNTU4LCJleHAiOjE3MzMxMTY5NTh9.W7gzCO_R-Od7wqCsggLU5haU-pFr9p7yrqYRFJH9KgkiEm93K51eae6zjmaog1Da',8),(146,_binary '','eyJhbGciOiJIUzM4NCJ9.eyJzdWIiOiJlbXAxMEBtYWlsLmNvbSIsInJvbGUiOiJFTVBMT1lFRSIsImlhdCI6MTczMzAzMTE3MCwiZXhwIjoxNzMzMTE3NTcwfQ.WRVKIsZizmr4KiaNGY3VL4oVKJRqAiRnQ227jeaSWtdRJ3BP35zttnwgjgcyBqpC',16),(147,_binary '','eyJhbGciOiJIUzM4NCJ9.eyJzdWIiOiJlbXAxMEBtYWlsLmNvbSIsInJvbGUiOiJFTVBMT1lFRSIsImlhdCI6MTczMzAzMTI0NiwiZXhwIjoxNzMzMTE3NjQ2fQ._Ku4yhT5ZFDpFOfbMkxw2fkaB3UEsDd99wpmpMNieE27kbSilD6wgH3cprq3ML1I',16),(148,_binary '','eyJhbGciOiJIUzM4NCJ9.eyJzdWIiOiJlbXA5QG1haWwuY29tIiwicm9sZSI6IkVNUExPWUVFIiwiaWF0IjoxNzMzMDMxMjk3LCJleHAiOjE3MzMxMTc2OTd9.rQgip3hzmTM0T2PKLImxp-RuDx87-j3EKaOdgg0PZaKgBfx6BtrrlwE18ghH38pr',15),(149,_binary '\0','eyJhbGciOiJIUzM4NCJ9.eyJzdWIiOiJlbXA5QG1haWwuY29tIiwicm9sZSI6IkVNUExPWUVFIiwiaWF0IjoxNzMzMDMxMzEwLCJleHAiOjE3MzMxMTc3MTB9.INjMNwiVJKXgsk_ZTHxG4dSXCYlQbTkd_UNZMNFsjVD7Qz8k_qfhHOx05Q9hcCOt',15),(150,_binary '\0','eyJhbGciOiJIUzM4NCJ9.eyJzdWIiOiJlbXA4QG1haWwuY29tIiwicm9sZSI6IkVNUExPWUVFIiwiaWF0IjoxNzMzMDMxMzQxLCJleHAiOjE3MzMxMTc3NDF9.jvu-BMuev1y-dsf5Yp9MK9GLcndbIk1uKbUZ7qjepbAJVNQDPpWWpD_f0fuSit36',14),(151,_binary '\0','eyJhbGciOiJIUzM4NCJ9.eyJzdWIiOiJhZG1pbiIsInJvbGUiOiJBRE1JTiIsImlhdCI6MTczMzAzMTYxMSwiZXhwIjoxNzMzMTE4MDExfQ.is0mBI09FWtUXQeqidpvIK1eXUvkwu0KvliJx2MirTuxeX5T0W-bppTjT2iuK7vZ',1),(152,_binary '','eyJhbGciOiJIUzM4NCJ9.eyJzdWIiOiJtYW5hZ2VyIiwicm9sZSI6Ik1BTkFHRVIiLCJpYXQiOjE3MzMwMzE2MjksImV4cCI6MTczMzExODAyOX0.te1v1qfaHdWFtV0fsTZeWll0UWbxM4nbVMPk5OsYTbR6YAuZTi1Rlgl7SF1kogZR',2),(153,_binary '\0','eyJhbGciOiJIUzM4NCJ9.eyJzdWIiOiJlbXA2QG1haWwuY29tIiwicm9sZSI6IkVNUExPWUVFIiwiaWF0IjoxNzMzMDQyNjM0LCJleHAiOjE3MzMxMjkwMzR9.UdCxrEAzd-gWmG3RWQ1vhu625wGStu5yeHDAJKHn0z3E07s39gskqU0CRRM1vSR1',10),(154,_binary '\0','eyJhbGciOiJIUzM4NCJ9.eyJzdWIiOiJlbXBAbWFpbC5jb20iLCJyb2xlIjoiRU1QTE9ZRUUiLCJpYXQiOjE3MzMwNDM1MTEsImV4cCI6MTczMzEyOTkxMX0.OZoN0RFgLULz8Y_uAuF8BKOsIqIJatpZd9ZCK0EkmVlNht8hVxuRYx96BsxJ0JQR',3),(155,_binary '\0','eyJhbGciOiJIUzM4NCJ9.eyJzdWIiOiJtYW5hZ2VyIiwicm9sZSI6Ik1BTkFHRVIiLCJpYXQiOjE3MzMwNDM1OTcsImV4cCI6MTczMzEyOTk5N30.c7sIfHJkb6PmT9Qo_GWzPo8MXLoiDT0_ld2x5MWUsAGqD_lXv4O-clTSYWWD16bQ',2),(156,_binary '\0','eyJhbGciOiJIUzM4NCJ9.eyJzdWIiOiJlbXAxMEBtYWlsLmNvbSIsInJvbGUiOiJFTVBMT1lFRSIsImlhdCI6MTczMzA0Mzc3NywiZXhwIjoxNzMzMTMwMTc3fQ.l8lwGQ5mipJfuJ3V0v5OC9FuvRVFoWnBqHHbPqDkqhDSADiY5GJnVua6Lj6YOsdX',16);
/*!40000 ALTER TABLE `token` ENABLE KEYS */;
UNLOCK TABLES;

--
-- Table structure for table `user_leave_balance`
--

DROP TABLE IF EXISTS `user_leave_balance`;
/*!40101 SET @saved_cs_client     = @@character_set_client */;
/*!50503 SET character_set_client = utf8mb4 */;
CREATE TABLE `user_leave_balance` (
  `user_id` bigint NOT NULL,
  `remaining_days` int DEFAULT NULL,
  `leave_type` tinyint NOT NULL,
  PRIMARY KEY (`user_id`,`leave_type`),
  CONSTRAINT `FKt31asw9okd6rxehiimfqeohx5` FOREIGN KEY (`user_id`) REFERENCES `users` (`id`),
  CONSTRAINT `user_leave_balance_chk_1` CHECK ((`leave_type` between 0 and 2))
) ENGINE=InnoDB DEFAULT CHARSET=utf8mb4 COLLATE=utf8mb4_0900_ai_ci;
/*!40101 SET character_set_client = @saved_cs_client */;

--
-- Dumping data for table `user_leave_balance`
--

LOCK TABLES `user_leave_balance` WRITE;
/*!40000 ALTER TABLE `user_leave_balance` DISABLE KEYS */;
INSERT INTO `user_leave_balance` VALUES (1,15,0),(1,0,1),(1,10,2),(2,15,0),(2,0,1),(2,10,2),(3,8,0),(3,0,1),(3,0,2),(5,15,0),(5,0,1),(5,10,2),(6,13,0),(6,0,1),(6,10,2),(7,15,0),(7,0,1),(7,5,2),(8,4,0),(8,0,1),(8,10,2),(9,15,0),(9,0,1),(9,5,2),(10,15,0),(10,0,1),(10,10,2),(13,15,0),(13,0,1),(13,10,2),(14,12,0),(14,0,1),(14,10,2),(15,15,0),(15,0,1),(15,10,2),(16,15,0),(16,0,1),(16,10,2);
/*!40000 ALTER TABLE `user_leave_balance` ENABLE KEYS */;
UNLOCK TABLES;

--
-- Table structure for table `users`
--

DROP TABLE IF EXISTS `users`;
/*!40101 SET @saved_cs_client     = @@character_set_client */;
/*!50503 SET character_set_client = utf8mb4 */;
CREATE TABLE `users` (
  `id` bigint NOT NULL AUTO_INCREMENT,
  `active` bit(1) NOT NULL,
  `address` varchar(255) NOT NULL,
  `basic_salary` double NOT NULL,
  `cell` varchar(255) NOT NULL,
  `date_of_birth` date DEFAULT NULL,
  `email` varchar(255) NOT NULL,
  `gender` varchar(255) DEFAULT NULL,
  `is_lock` bit(1) DEFAULT NULL,
  `joined_date` date DEFAULT NULL,
  `name` varchar(100) NOT NULL,
  `password` varchar(255) NOT NULL,
  `profile_photo` varchar(255) NOT NULL,
  `role` enum('ADMIN','EMPLOYEE','MANAGER') NOT NULL,
  PRIMARY KEY (`id`),
  UNIQUE KEY `UK3wfgv34acy32imea493ekogs5` (`cell`),
  UNIQUE KEY `UK6dotkott2kjsp8vw4d0m25fb7` (`email`)
) ENGINE=InnoDB AUTO_INCREMENT=17 DEFAULT CHARSET=utf8mb4 COLLATE=utf8mb4_0900_ai_ci;
/*!40101 SET character_set_client = @saved_cs_client */;

--
-- Dumping data for table `users`
--

LOCK TABLES `users` WRITE;
/*!40000 ALTER TABLE `users` DISABLE KEYS */;
INSERT INTO `users` VALUES (1,_binary '','Dhaka, Bangladesh',50000,'010000000','2006-11-02','admin','Male',_binary '\0','2024-11-13','Md Raju Ahmed','$2a$10$rClfwbBtWXOQt.eC89bD9OIXalKwl1e1k0gyZczVQzwHTqXVEWZpe','Md_Raju_Ahmed_156a0e81-a7be-4b55-867e-818f6d014889.jpg','ADMIN'),(2,_binary '','Dhaka, Bangladesh',50000,'017000001','2006-11-02','manager','Male',_binary '\0','2024-11-13','Tamim Ahmed Raju','$2a$10$rClfwbBtWXOQt.eC89bD9OIXalKwl1e1k0gyZczVQzwHTqXVEWZpe','Md_Raju_Ahmed_156a0e81-a7be-4b55-867e-818f6d014889.jpg','MANAGER'),(3,_binary '','Dhaka, Bangladesh',50000,'017000002','2006-11-02','emp@mail.com','Male',_binary '\0','2024-11-13','Rezvi','$2a$10$rClfwbBtWXOQt.eC89bD9OIXalKwl1e1k0gyZczVQzwHTqXVEWZpe','Md_Raju_Ahmed_156a0e81-a7be-4b55-867e-818f6d014889.jpg','EMPLOYEE'),(5,_binary '','Dhaka, Bangladesh',50000,'017000003','2006-11-02','emp1@mail.com','Male',_binary '\0','2024-11-13','Shabab','$2a$10$rClfwbBtWXOQt.eC89bD9OIXalKwl1e1k0gyZczVQzwHTqXVEWZpe','Md_Raju_Ahmed_156a0e81-a7be-4b55-867e-818f6d014889.jpg','EMPLOYEE'),(6,_binary '','Dhaka, Bangladesh',50000,'017000004','2006-11-02','emp2@mail.com','Female',_binary '\0','2024-11-13','Nusrat','$2a$10$rClfwbBtWXOQt.eC89bD9OIXalKwl1e1k0gyZczVQzwHTqXVEWZpe','Md_Raju_Ahmed_156a0e81-a7be-4b55-867e-818f6d014889.jpg','EMPLOYEE'),(7,_binary '','Dhaka, Bangladesh',50000,'017000005','2006-11-02','emp3@mail.com','Female',_binary '\0','2024-11-13','Shamima','$2a$10$rClfwbBtWXOQt.eC89bD9OIXalKwl1e1k0gyZczVQzwHTqXVEWZpe','Md_Raju_Ahmed_156a0e81-a7be-4b55-867e-818f6d014889.jpg','EMPLOYEE'),(8,_binary '','Dhaka, Bangladesh',50000,'017000006','2006-11-02','emp4@mail.com','Male',_binary '\0','2024-11-13','Sanaullah','$2a$10$rClfwbBtWXOQt.eC89bD9OIXalKwl1e1k0gyZczVQzwHTqXVEWZpe','Md_Raju_Ahmed_156a0e81-a7be-4b55-867e-818f6d014889.jpg','EMPLOYEE'),(9,_binary '','Dhaka, Bangladesh',50000,'01700000099','2024-10-07','emp5@mail.com','Male',_binary '\0','2024-11-30','Kutub','$2a$10$z8KJ7mWglDJCsNSTgnsXOu6zlbYrh6TzLUBFPDxpEvzEdBKUbMJO6','Md_Raju_Ahmed_156a0e81-a7be-4b55-867e-818f6d014889.jpg','EMPLOYEE'),(10,_binary '','Dhaka, Bangladesh',50000,'01705550000','2024-11-05','emp6@mail.com','Male',_binary '\0','2024-11-30','Neyamul','$2a$10$7iowBRNFmSckWH4Mefvg5eErEwiBhJGzIVUixxt0lEIPyoD/CNSSm','Test_Name_9fe3b181-ab28-4ca2-acea-7efcaef4107d.jpg','EMPLOYEE'),(13,_binary '','Dhaka, Bangladesh',50000,'01705050000','2024-11-05','emp7@mail.com','Male',_binary '\0','2024-11-30','Towhid','$2a$10$7iowBRNFmSckWH4Mefvg5eErEwiBhJGzIVUixxt0lEIPyoD/CNSSm','Test_Name_9fe3b181-ab28-4ca2-acea-7efcaef4107d.jpg','EMPLOYEE'),(14,_binary '','Dhaka, Bangladesh',50000,'01705750000','2024-11-05','emp8@mail.com','Male',_binary '\0','2024-11-30','Rafiqul','$2a$10$7iowBRNFmSckWH4Mefvg5eErEwiBhJGzIVUixxt0lEIPyoD/CNSSm','Test_Name_9fe3b181-ab28-4ca2-acea-7efcaef4107d.jpg','EMPLOYEE'),(15,_binary '','Dhaka, Bangladesh',50000,'01708550000','2024-11-05','emp9@mail.com','Male',_binary '\0','2024-11-30','Nirjash','$2a$10$7iowBRNFmSckWH4Mefvg5eErEwiBhJGzIVUixxt0lEIPyoD/CNSSm','Test_Name_9fe3b181-ab28-4ca2-acea-7efcaef4107d.jpg','EMPLOYEE'),(16,_binary '','Dhaka, Bangladesh',50000,'01704550000','2024-11-05','emp10@mail.com','Male',_binary '\0','2024-11-30','Najmul','$2a$10$7iowBRNFmSckWH4Mefvg5eErEwiBhJGzIVUixxt0lEIPyoD/CNSSm','Test_Name_9fe3b181-ab28-4ca2-acea-7efcaef4107d.jpg','EMPLOYEE');
/*!40000 ALTER TABLE `users` ENABLE KEYS */;
UNLOCK TABLES;
/*!40103 SET TIME_ZONE=@OLD_TIME_ZONE */;

/*!40101 SET SQL_MODE=@OLD_SQL_MODE */;
/*!40014 SET FOREIGN_KEY_CHECKS=@OLD_FOREIGN_KEY_CHECKS */;
/*!40014 SET UNIQUE_CHECKS=@OLD_UNIQUE_CHECKS */;
/*!40101 SET CHARACTER_SET_CLIENT=@OLD_CHARACTER_SET_CLIENT */;
/*!40101 SET CHARACTER_SET_RESULTS=@OLD_CHARACTER_SET_RESULTS */;
/*!40101 SET COLLATION_CONNECTION=@OLD_COLLATION_CONNECTION */;
/*!40111 SET SQL_NOTES=@OLD_SQL_NOTES */;

-- Dump completed on 2024-12-17 13:07:27
